<tgcScene>
  <name>CajaMadera</name>
  <texturesExport enabled="True" dir="Textures" />
  <lightmapExport enabled="False" dir="LightMaps" />
  <sceneBoundingBox min="[-39.9182,0,-80.8832]" max="[56.1808,95.741,38.8493]" />
  <materials count="1">
    <m name="Standardmaterial" type="Standardmaterial">
      <ambient>[0,0,0,0]</ambient>
      <diffuse>[0,0,0,0]</diffuse>
      <specular>[0,0,0,0]</specular>
      <opacity>1</opacity>
      <alphaBlendEnable>False</alphaBlendEnable>
      <bitmap uvTiling="[1,1]" uvOffset="[1,1]">cajaMadera1.jpg</bitmap>
    </m>
  </materials>
  <meshes count="1">
    <mesh name="CajaMadera" layer="Default" type="Original" matId="0" color="[1,1,1]" visibility="1.0" lightmap="">
      <boundingBox min="[-39.9182,0,-80.8832]" max="[56.1808,95.741,38.8493]" />
      <coordinatesIdx count="36">0 1 2 1 3 2 4 5 6 6 5 7 0 5 4 0 2 5 1 6 7 1 7 3 0 6 1 4 6 0 2 3 7 5 2 7 </coordinatesIdx>
      <textCoordsIdx count="36">0 1 2 1 3 2 0 2 1 1 2 3 0 3 1 0 2 3 0 1 3 0 3 2 0 3 1 2 3 0 0 1 3 2 0 3 </textCoordsIdx>
      <colorsIdx count="36">0 0 0 0 0 0 0 0 0 0 0 0 0 0 0 0 0 0 0 0 0 0 0 0 0 0 0 0 0 0 0 0 0 0 0 0 </colorsIdx>
      <matIds count="1">0 </matIds>
      <textCoordsLightMapIdx count="0">
      </textCoordsLightMapIdx>
      <vertices count="24">-39.9182 95.741 38.8493 -39.9182 0 38.8493 56.1808 95.741 38.8493 56.1808 0 38.8493 -39.9182 95.741 -80.8832 56.1808 95.741 -80.8832 -39.9182 0 -80.8832 56.1808 0 -80.8832 </vertices>
      <normals count="24">0 0 1 0 0 1 0 0 1 0 0 1 0 0 -1 0 0 -1 0 0 -1 0 0 -1 </normals>
      <texCoords count="8">0 0 0 1 1 0 1 1 </texCoords>
      <colors count="3">255 255 255 </colors>
      <texCoordsLightMap count="0">
      </texCoordsLightMap>
      <userProps count="0" />
    </mesh>
  </meshes>
</tgcScene>