<tgcSkeletalAnim>
	<animation name='StandBy' bonesCount='23' framesCount='101' frameRate='30' startFrame='0' endFrame='100'>
		<boundingBox min='[-12.6615,-22.6709,-7.58311]' max='[13.0379,28.3175,8.29244]'/>
		<bone id='0' name='Bip001' keyFramesCount='1'>
			<frame n='0' pos='[0.212447,4.28335,1.14834]' rotQuat='[0.0,0.707106,0.0,0.707107]' />
		</bone>
		<bone id='1' name='Bip001 Footsteps' keyFramesCount='1'>
			<frame n='0' pos='[0,-26.5187,0]' rotQuat='[0.0,-0.707106,0.0,0.707107]' />
		</bone>
		<bone id='2' name='Bip001 Pelvis' keyFramesCount='1'>
			<frame n='0' pos='[0,0,0]' rotQuat='[0.483492,0.475215,0.52165,0.517965]' />
		</bone>
		<bone id='3' name='Bip001 Spine' keyFramesCount='2'>
			<frame n='0' pos='[2.79103,-0.0314721,-0.0181043]' rotQuat='[0.166263,0.00113021,-0.00628909,0.986061]' />
			<frame n='100' pos='[2.79103,-0.0314721,-0.0181043]' rotQuat='[0.166263,0.00113021,-0.00628909,0.986061]' />
		</bone>
		<bone id='4' name='Bip001 Spine1' keyFramesCount='2'>
			<frame n='0' pos='[5.24562,0,-0.0054239]' rotQuat='[0.0,0.0,0.0,1.0]' />
			<frame n='100' pos='[5.24562,0,-0.0054239]' rotQuat='[0.0,0.0,0.0,1.0]' />
		</bone>
		<bone id='5' name='Bip001 Neck' keyFramesCount='3'>
			<frame n='0' pos='[6.81169,0,-0.00148952]' rotQuat='[0.0,0.0,0.0,1.0]' />
			<frame n='50' pos='[6.81169,0,-0.00148952]' rotQuat='[0.0,0.0,0.0,1.0]' />
			<frame n='100' pos='[6.81169,0,-0.00148952]' rotQuat='[0.0,0.0,0.0,1.0]' />
		</bone>
		<bone id='6' name='Bip001 L Clavicle' keyFramesCount='3'>
			<frame n='0' pos='[0,0.849514,0.00148702]' rotQuat='[-0.707107,-0.707107,0.000282516,0.000280566]' />
			<frame n='50' pos='[0,0.849514,0.00148702]' rotQuat='[-0.707107,-0.707107,0.000282516,0.000280566]' />
			<frame n='100' pos='[0,0.849514,0.00148702]' rotQuat='[-0.707107,-0.707107,0.000282516,0.000280566]' />
		</bone>
		<bone id='7' name='Bip001 L UpperArm' keyFramesCount='3'>
			<frame n='0' pos='[4.39913,0,0]' rotQuat='[0.0677131,-0.206528,-0.569825,0.792503]' />
			<frame n='50' pos='[4.39913,0,0]' rotQuat='[0.135977,-0.109391,-0.557491,0.811633]' />
			<frame n='100' pos='[4.39913,0,0]' rotQuat='[0.0677131,-0.206528,-0.569825,0.792503]' />
		</bone>
		<bone id='8' name='Bip001 L Forearm' keyFramesCount='3'>
			<frame n='0' pos='[7.28156,0,0]' rotQuat='[0.0,0.266632,0.0,0.963798]' />
			<frame n='50' pos='[7.28155,0,0]' rotQuat='[0.0,0.164914,0.0,0.986308]' />
			<frame n='100' pos='[7.28156,0,0]' rotQuat='[0.0,0.266632,0.0,0.963798]' />
		</bone>
		<bone id='9' name='Bip001 L Hand' keyFramesCount='3'>
			<frame n='0' pos='[7.28156,0,0]' rotQuat='[0.706825,0.0,0.0,0.707388]' />
			<frame n='50' pos='[7.28156,0,0]' rotQuat='[0.706825,0.0,0.0,0.707388]' />
			<frame n='100' pos='[7.28156,0,0]' rotQuat='[0.706825,0.0,0.0,0.707388]' />
		</bone>
		<bone id='10' name='Bip001 R Clavicle' keyFramesCount='3'>
			<frame n='0' pos='[0,-0.849514,0.00149167]' rotQuat='[0.707107,-0.707107,-0.000280566,0.000282516]' />
			<frame n='50' pos='[0,-0.849514,0.00149167]' rotQuat='[0.707107,-0.707107,-0.000280566,0.000282516]' />
			<frame n='100' pos='[0,-0.849514,0.00149167]' rotQuat='[0.707107,-0.707107,-0.000280566,0.000282516]' />
		</bone>
		<bone id='11' name='Bip001 R UpperArm' keyFramesCount='3'>
			<frame n='0' pos='[4.39913,0,0]' rotQuat='[0.0924874,-0.0192048,0.55891,0.823831]' />
			<frame n='50' pos='[4.39913,0,0]' rotQuat='[0.194234,-0.171197,0.532173,0.806075]' />
			<frame n='100' pos='[4.39913,0,0]' rotQuat='[0.0924874,-0.0192048,0.55891,0.823831]' />
		</bone>
		<bone id='12' name='Bip001 R Forearm' keyFramesCount='3'>
			<frame n='0' pos='[7.28156,0,0]' rotQuat='[0.0,0.282777,0.0,0.959186]' />
			<frame n='50' pos='[7.28155,0,0]' rotQuat='[0.0,0.529192,0.0,0.848502]' />
			<frame n='100' pos='[7.28156,0,0]' rotQuat='[0.0,0.282777,0.0,0.959186]' />
		</bone>
		<bone id='13' name='Bip001 R Hand' keyFramesCount='3'>
			<frame n='0' pos='[7.28155,0,0]' rotQuat='[-0.706825,0.0,0.0,0.707388]' />
			<frame n='50' pos='[7.28155,0,0]' rotQuat='[-0.706825,0.0,0.0,0.707388]' />
			<frame n='100' pos='[7.28155,0,0]' rotQuat='[-0.706825,0.0,0.0,0.707388]' />
		</bone>
		<bone id='14' name='Bip001 Head' keyFramesCount='3'>
			<frame n='0' pos='[1.87029,0,0]' rotQuat='[-0.137161,0.0154364,0.0369725,0.989738]' />
			<frame n='50' pos='[1.87029,0,0]' rotQuat='[0.227841,0.0563135,0.0130182,0.971981]' />
			<frame n='100' pos='[1.87029,0,0]' rotQuat='[-0.137161,0.0154364,0.0369725,0.989738]' />
		</bone>
		<bone id='15' name='Bip001 L Thigh' keyFramesCount='3'>
			<frame n='0' pos='[0,3.31352,0]' rotQuat='[-0.0407803,0.0445047,-0.998124,-0.0102417]' />
			<frame n='50' pos='[0,3.31352,0]' rotQuat='[-0.100242,0.0450363,-0.993914,-0.00756898]' />
			<frame n='100' pos='[0,3.31352,0]' rotQuat='[-0.0407803,0.0445047,-0.998124,-0.0102417]' />
		</bone>
		<bone id='16' name='Bip001 L Calf' keyFramesCount='3'>
			<frame n='0' pos='[11.6681,0,0]' rotQuat='[0.0,0.0998334,0.0,0.995004]' />
			<frame n='50' pos='[11.6681,0,0]' rotQuat='[0.0,0.286028,0.0,0.958221]' />
			<frame n='100' pos='[11.6681,0,0]' rotQuat='[0.0,0.0998334,0.0,0.995004]' />
		</bone>
		<bone id='17' name='Bip001 L Foot' keyFramesCount='3'>
			<frame n='0' pos='[12.1486,0,0]' rotQuat='[0.00326951,-0.061643,0.00616826,0.998074]' />
			<frame n='50' pos='[12.1486,0,0]' rotQuat='[0.00243971,-0.190897,0.00654102,0.981585]' />
			<frame n='100' pos='[12.1486,0,0]' rotQuat='[0.00326951,-0.061643,0.00616826,0.998074]' />
		</bone>
		<bone id='18' name='Bip001 L Toe0' keyFramesCount='3'>
			<frame n='0' pos='[2.79126,0,3.59223]' rotQuat='[0.0,-0.707107,0.0,0.707107]' />
			<frame n='50' pos='[2.79126,0,3.59223]' rotQuat='[0.0,-0.707107,0.0,0.707107]' />
			<frame n='100' pos='[2.79126,0,3.59223]' rotQuat='[0.0,-0.707107,0.0,0.707107]' />
		</bone>
		<bone id='19' name='Bip001 R Thigh' keyFramesCount='3'>
			<frame n='0' pos='[0,-3.31352,0]' rotQuat='[-0.0270467,0.0333911,-0.998971,0.0145011]' />
			<frame n='50' pos='[0,-3.31352,0]' rotQuat='[-0.0270467,0.0333911,-0.998971,0.0145011]' />
			<frame n='100' pos='[0,-3.31352,0]' rotQuat='[-0.0270467,0.0333911,-0.998971,0.0145011]' />
		</bone>
		<bone id='20' name='Bip001 R Calf' keyFramesCount='3'>
			<frame n='0' pos='[11.6681,0,0]' rotQuat='[0.0,0.0998334,0.0,0.995004]' />
			<frame n='50' pos='[11.6681,0,0]' rotQuat='[0.0,0.0998334,0.0,0.995004]' />
			<frame n='100' pos='[11.6681,0,0]' rotQuat='[0.0,0.0998334,0.0,0.995004]' />
		</bone>
		<bone id='21' name='Bip001 R Foot' keyFramesCount='3'>
			<frame n='0' pos='[12.1486,0,0]' rotQuat='[-0.00526665,-0.0743904,-0.0200723,0.997013]' />
			<frame n='50' pos='[12.1486,0,0]' rotQuat='[-0.191381,-0.0693326,-0.0336126,0.978487]' />
			<frame n='100' pos='[12.1486,0,0]' rotQuat='[-0.00526665,-0.0743904,-0.0200723,0.997013]' />
		</bone>
		<bone id='22' name='Bip001 R Toe0' keyFramesCount='3'>
			<frame n='0' pos='[2.79126,0,3.59223]' rotQuat='[0.0,-0.707107,0.0,0.707107]' />
			<frame n='50' pos='[2.79126,0,3.59223]' rotQuat='[0.0,-0.707107,0.0,0.707107]' />
			<frame n='100' pos='[2.79126,0,3.59223]' rotQuat='[0.0,-0.707107,0.0,0.707107]' />
		</bone>
	</animation>
</tgcSkeletalAnim>
