<tgcSkeletalAnim>
	<animation name='Jump' bonesCount='23' framesCount='21' frameRate='30' startFrame='0' endFrame='20'>
		<boundingBox min='[-11.3685,-30.6701,-19.5926]' max='[13.6722,35.7495,18.9385]'/>
		<bone id='0' name='Bip001' keyFramesCount='5'>
			<frame n='0' pos='[0,0,0]' rotQuat='[0.0,0.707106,0.0,0.707107]' />
			<frame n='5' pos='[0.0531118,-9.1431,0.287085]' rotQuat='[0.0,0.707106,0.0,0.707107]' />
			<frame n='8' pos='[0,0,0]' rotQuat='[0.0,0.707106,0.0,0.707107]' />
			<frame n='16' pos='[0.115321,3.15262,0.623346]' rotQuat='[0.0,0.707106,0.0,0.707107]' />
			<frame n='20' pos='[0,0,0]' rotQuat='[0.0,0.707106,0.0,0.707107]' />
		</bone>
		<bone id='1' name='Bip001 Footsteps' keyFramesCount='1'>
			<frame n='0' pos='[0,-26.5178,0]' rotQuat='[0.0,-0.707106,0.0,0.707107]' />
		</bone>
		<bone id='2' name='Bip001 Pelvis' keyFramesCount='3'>
			<frame n='0' pos='[0,0,0]' rotQuat='[0.483492,0.475215,0.52165,0.517965]' />
			<frame n='16' pos='[0,0,0]' rotQuat='[0.418848,0.415046,0.570488,0.571704]' />
			<frame n='20' pos='[0,0,0]' rotQuat='[0.483492,0.475215,0.52165,0.517965]' />
		</bone>
		<bone id='3' name='Bip001 Spine' keyFramesCount='5'>
			<frame n='0' pos='[2.79136,-0.0325092,-0.0183091]' rotQuat='[0.0401705,-0.0393916,-0.00766337,0.998387]' />
			<frame n='5' pos='[2.79331,-0.0325862,-0.0176522]' rotQuat='[0.0370505,-0.283799,-0.0173097,0.958011]' />
			<frame n='8' pos='[2.7907,-0.0231147,-0.0192245]' rotQuat='[0.0778676,0.0499461,-0.000739116,0.995712]' />
			<frame n='16' pos='[2.7908,-0.00370425,-0.0189099]' rotQuat='[0.154036,0.0496603,0.00606534,0.986798]' />
			<frame n='20' pos='[2.79136,-0.0325092,-0.0183091]' rotQuat='[0.0401705,-0.0393916,-0.00766337,0.998387]' />
		</bone>
		<bone id='4' name='Bip001 Spine1' keyFramesCount='5'>
			<frame n='0' pos='[5.24562,0,-0.00542398]' rotQuat='[0.0,0.0,0.0,1.0]' />
			<frame n='5' pos='[5.24562,0,-0.00542355]' rotQuat='[0.0,0.0,0.0,1.0]' />
			<frame n='8' pos='[5.24562,0,-0.0054239]' rotQuat='[0.0,0.0,0.0,1.0]' />
			<frame n='16' pos='[5.24562,0,-0.0054239]' rotQuat='[0.0,0.0,0.0,1.0]' />
			<frame n='20' pos='[5.24562,0,-0.00542398]' rotQuat='[0.0,0.0,0.0,1.0]' />
		</bone>
		<bone id='5' name='Bip001 Neck' keyFramesCount='5'>
			<frame n='0' pos='[6.81169,0,-0.00148931]' rotQuat='[0.0,0.0,0.0,1.0]' />
			<frame n='5' pos='[6.81169,0,-0.00148916]' rotQuat='[0.0,0.0,0.0,1.0]' />
			<frame n='8' pos='[6.81169,0,-0.00148922]' rotQuat='[0.0,0.0,0.0,1.0]' />
			<frame n='16' pos='[6.81169,0,-0.00148904]' rotQuat='[0.0,0.0,0.0,1.0]' />
			<frame n='20' pos='[6.81169,0,-0.00148931]' rotQuat='[0.0,0.0,0.0,1.0]' />
		</bone>
		<bone id='6' name='Bip001 L Clavicle' keyFramesCount='5'>
			<frame n='0' pos='[0,0.849514,0.00148696]' rotQuat='[-0.707107,-0.707107,0.000282522,0.00028056]' />
			<frame n='5' pos='[0,0.849514,0.00148678]' rotQuat='[-0.707107,-0.707107,0.000282506,0.000280545]' />
			<frame n='8' pos='[0,0.849514,0.00148678]' rotQuat='[-0.707107,-0.707107,0.00028252,0.000280559]' />
			<frame n='16' pos='[0,0.849514,0.00148678]' rotQuat='[-0.707107,-0.707107,0.00028252,0.000280559]' />
			<frame n='20' pos='[0,0.849514,0.00148696]' rotQuat='[-0.707107,-0.707107,0.000282522,0.00028056]' />
		</bone>
		<bone id='7' name='Bip001 L UpperArm' keyFramesCount='5'>
			<frame n='0' pos='[4.39913,0,0]' rotQuat='[0.0209271,-0.0856138,-0.616,0.7828]' />
			<frame n='5' pos='[4.39913,0,0]' rotQuat='[-0.0216092,-0.169664,-0.513493,0.840876]' />
			<frame n='8' pos='[4.39913,0,0]' rotQuat='[-0.391789,-0.537893,-0.358808,0.654545]' />
			<frame n='16' pos='[4.39913,0,0]' rotQuat='[-0.558078,-0.420097,-0.383439,0.604188]' />
			<frame n='20' pos='[4.39913,0,0]' rotQuat='[0.0209271,-0.0856138,-0.616,0.7828]' />
		</bone>
		<bone id='8' name='Bip001 L Forearm' keyFramesCount='5'>
			<frame n='0' pos='[7.28155,0,0]' rotQuat='[0.0,0.303191,0.0,0.95293]' />
			<frame n='5' pos='[7.28155,0,0]' rotQuat='[0.0,0.734045,0.0,0.679101]' />
			<frame n='8' pos='[7.28155,0,0]' rotQuat='[0.0,0.36988,0.0,0.92908]' />
			<frame n='16' pos='[7.28155,0,0]' rotQuat='[0.0,0.500247,0.0,0.865883]' />
			<frame n='20' pos='[7.28155,0,0]' rotQuat='[0.0,0.303191,0.0,0.95293]' />
		</bone>
		<bone id='9' name='Bip001 L Hand' keyFramesCount='5'>
			<frame n='0' pos='[7.28155,0,0]' rotQuat='[0.706825,0.0,0.0,0.707388]' />
			<frame n='5' pos='[7.28155,0,0]' rotQuat='[0.706825,0.0,0.0,0.707388]' />
			<frame n='8' pos='[7.28155,0,0]' rotQuat='[0.706825,0.0,0.0,0.707388]' />
			<frame n='16' pos='[7.28155,0,0]' rotQuat='[0.706825,0.0,0.0,0.707388]' />
			<frame n='20' pos='[7.28155,0,0]' rotQuat='[0.706825,0.0,0.0,0.707388]' />
		</bone>
		<bone id='10' name='Bip001 R Clavicle' keyFramesCount='5'>
			<frame n='0' pos='[0,-0.849514,0.00149173]' rotQuat='[0.707107,-0.707107,-0.00028056,0.000282522]' />
			<frame n='5' pos='[0,-0.849514,0.00149155]' rotQuat='[0.707107,-0.707107,-0.000280545,0.000282506]' />
			<frame n='8' pos='[0,-0.849514,0.00149155]' rotQuat='[0.707107,-0.707107,-0.000280559,0.00028252]' />
			<frame n='16' pos='[0,-0.849514,0.00149155]' rotQuat='[0.707107,-0.707107,-0.000280559,0.00028252]' />
			<frame n='20' pos='[0,-0.849514,0.00149173]' rotQuat='[0.707107,-0.707107,-0.00028056,0.000282522]' />
		</bone>
		<bone id='11' name='Bip001 R UpperArm' keyFramesCount='5'>
			<frame n='0' pos='[4.39913,0,0]' rotQuat='[0.0375245,-0.155859,0.608123,0.777487]' />
			<frame n='5' pos='[4.39913,0,0]' rotQuat='[0.0472218,-0.20223,0.542419,0.814036]' />
			<frame n='8' pos='[4.39913,0,0]' rotQuat='[0.455728,-0.73638,-0.308922,-0.393223]' />
			<frame n='16' pos='[4.39913,0,0]' rotQuat='[0.504221,-0.79551,-0.221093,-0.253066]' />
			<frame n='20' pos='[4.39913,0,0]' rotQuat='[0.0375245,-0.155859,0.608123,0.777487]' />
		</bone>
		<bone id='12' name='Bip001 R Forearm' keyFramesCount='5'>
			<frame n='0' pos='[7.28155,0,0]' rotQuat='[0.0,0.435802,0.0,0.900043]' />
			<frame n='5' pos='[7.28155,0,0]' rotQuat='[0.0,0.831245,0.0,0.555905]' />
			<frame n='8' pos='[7.28155,0,0]' rotQuat='[0.0,0.160635,0.0,0.987014]' />
			<frame n='16' pos='[7.28155,0,0]' rotQuat='[0.0,0.320446,0.0,0.947267]' />
			<frame n='20' pos='[7.28155,0,0]' rotQuat='[0.0,0.435802,0.0,0.900043]' />
		</bone>
		<bone id='13' name='Bip001 R Hand' keyFramesCount='5'>
			<frame n='0' pos='[7.28155,0,0]' rotQuat='[-0.706825,0.0,0.0,0.707388]' />
			<frame n='5' pos='[7.28155,0,0]' rotQuat='[-0.706825,0.0,0.0,0.707388]' />
			<frame n='8' pos='[7.28155,0,0]' rotQuat='[-0.702187,0.0809038,0.0808394,0.702747]' />
			<frame n='16' pos='[7.28156,0,0]' rotQuat='[-0.702187,0.0809038,0.0808394,0.702747]' />
			<frame n='20' pos='[7.28155,0,0]' rotQuat='[-0.706825,0.0,0.0,0.707388]' />
		</bone>
		<bone id='14' name='Bip001 Head' keyFramesCount='5'>
			<frame n='0' pos='[1.87029,0,0]' rotQuat='[0.0,0.109205,0.0,0.994019]' />
			<frame n='5' pos='[1.87029,0,0]' rotQuat='[0.0,0.541283,0.0,0.84084]' />
			<frame n='8' pos='[1.87029,0,0]' rotQuat='[0.0,0.210119,0.0,0.977676]' />
			<frame n='16' pos='[1.87029,0,0]' rotQuat='[-0.0900263,0.145163,0.0132641,0.985214]' />
			<frame n='20' pos='[1.87029,0,0]' rotQuat='[0.0,0.109205,0.0,0.994019]' />
		</bone>
		<bone id='15' name='Bip001 L Thigh' keyFramesCount='6'>
			<frame n='0' pos='[0,3.31352,0]' rotQuat='[-0.0408415,0.0444485,-0.998109,-0.0116149]' />
			<frame n='5' pos='[0,3.31352,0]' rotQuat='[-0.383212,0.0457241,-0.922517,0.00445926]' />
			<frame n='8' pos='[0,3.31352,0]' rotQuat='[0.057454,0.0803877,-0.994967,-0.0166672]' />
			<frame n='16' pos='[0,3.31352,0]' rotQuat='[0.0561893,0.156814,-0.985863,-0.0180731]' />
			<frame n='18' pos='[0,3.31352,0]' rotQuat='[-0.132082,0.115533,-0.984472,0.00468339]' />
			<frame n='20' pos='[0,3.31352,0]' rotQuat='[-0.0408415,0.0444485,-0.998109,-0.0116149]' />
		</bone>
		<bone id='16' name='Bip001 L Calf' keyFramesCount='6'>
			<frame n='0' pos='[11.6681,0,0]' rotQuat='[0.0,0.0998334,0.0,0.995004]' />
			<frame n='5' pos='[11.6681,0,0]' rotQuat='[0.0,0.788435,0.0,0.615118]' />
			<frame n='8' pos='[11.6681,0,0]' rotQuat='[0.0,0.0608457,0.0,0.998147]' />
			<frame n='16' pos='[11.6681,0,0]' rotQuat='[0.0,0.0608457,0.0,0.998147]' />
			<frame n='18' pos='[11.6681,0,0]' rotQuat='[0.0,0.424494,0.0,0.905431]' />
			<frame n='20' pos='[11.6681,0,0]' rotQuat='[0.0,0.0998334,0.0,0.995004]' />
		</bone>
		<bone id='17' name='Bip001 L Foot' keyFramesCount='6'>
			<frame n='0' pos='[12.1486,0,0]' rotQuat='[0.00307983,-0.0616369,0.00753083,0.998065]' />
			<frame n='5' pos='[12.1486,0,0]' rotQuat='[-0.000546649,-0.494366,0.00811788,0.869216]' />
			<frame n='8' pos='[12.1486,0,0]' rotQuat='[-0.00103201,0.327887,0.00807055,0.944682]' />
			<frame n='16' pos='[12.1486,0,0]' rotQuat='[-0.00103201,0.327887,0.00807055,0.944682]' />
			<frame n='18' pos='[12.1486,0,0]' rotQuat='[-0.000537831,-0.100382,0.00811847,0.994916]' />
			<frame n='20' pos='[12.1486,0,0]' rotQuat='[0.00307983,-0.0616369,0.00753083,0.998065]' />
		</bone>
		<bone id='18' name='Bip001 L Toe0' keyFramesCount='6'>
			<frame n='0' pos='[2.79126,0,3.59223]' rotQuat='[0.0,-0.707107,0.0,0.707107]' />
			<frame n='5' pos='[2.79126,0,3.59223]' rotQuat='[0.0,-0.707107,0.0,0.707107]' />
			<frame n='8' pos='[2.79126,0,3.59223]' rotQuat='[0.0,-0.707107,0.0,0.707107]' />
			<frame n='16' pos='[2.79126,0,3.59223]' rotQuat='[0.0,-0.707107,0.0,0.707107]' />
			<frame n='18' pos='[2.79126,0,3.59223]' rotQuat='[0.0,-0.707107,0.0,0.707107]' />
			<frame n='20' pos='[2.79126,0,3.59223]' rotQuat='[0.0,-0.707107,0.0,0.707107]' />
		</bone>
		<bone id='19' name='Bip001 R Thigh' keyFramesCount='6'>
			<frame n='0' pos='[0,-3.31352,0]' rotQuat='[-0.0273665,0.0331295,-0.999064,0.00489578]' />
			<frame n='5' pos='[0,-3.31352,0]' rotQuat='[-0.462874,0.0276237,-0.885791,0.0189332]' />
			<frame n='8' pos='[0,-3.31352,0]' rotQuat='[-0.714146,0.0453627,-0.69641,0.0543118]' />
			<frame n='16' pos='[0,-3.31352,0]' rotQuat='[-0.707692,0.0966411,-0.691003,0.11112]' />
			<frame n='18' pos='[0,-3.31352,0]' rotQuat='[-0.465893,0.0891493,-0.878622,0.0549482]' />
			<frame n='20' pos='[0,-3.31352,0]' rotQuat='[-0.0273665,0.0331295,-0.999064,0.00489578]' />
		</bone>
		<bone id='20' name='Bip001 R Calf' keyFramesCount='6'>
			<frame n='0' pos='[11.6681,0,0]' rotQuat='[0.0,0.0998334,0.0,0.995004]' />
			<frame n='5' pos='[11.6681,0,0]' rotQuat='[0.0,0.791986,0.0,0.61054]' />
			<frame n='8' pos='[11.6681,0,0]' rotQuat='[0.0,0.864222,0.0,0.50311]' />
			<frame n='16' pos='[11.6681,0,0]' rotQuat='[0.0,0.864222,0.0,0.50311]' />
			<frame n='18' pos='[11.6681,0,0]' rotQuat='[0.0,0.675075,0.0,0.737749]' />
			<frame n='20' pos='[11.6681,0,0]' rotQuat='[0.0,0.0998334,0.0,0.995004]' />
		</bone>
		<bone id='21' name='Bip001 R Foot' keyFramesCount='6'>
			<frame n='0' pos='[12.1486,0,0]' rotQuat='[-0.00646985,-0.0744749,-0.0105345,0.997146]' />
			<frame n='5' pos='[12.1486,0,0]' rotQuat='[-0.00234515,-0.42089,-0.0121381,0.907027]' />
			<frame n='8' pos='[12.1486,0,0]' rotQuat='[0.00142303,0.243668,-0.0122804,0.96978]' />
			<frame n='16' pos='[12.1486,0,0]' rotQuat='[0.00142303,0.243668,-0.0122804,0.96978]' />
			<frame n='18' pos='[12.1486,0,0]' rotQuat='[-0.00179197,-0.0298451,-0.012232,0.999478]' />
			<frame n='20' pos='[12.1486,0,0]' rotQuat='[-0.00646985,-0.0744749,-0.0105345,0.997146]' />
		</bone>
		<bone id='22' name='Bip001 R Toe0' keyFramesCount='6'>
			<frame n='0' pos='[2.79126,0,3.59223]' rotQuat='[0.0,-0.707107,0.0,0.707107]' />
			<frame n='5' pos='[2.79126,0,3.59223]' rotQuat='[0.0,-0.707107,0.0,0.707107]' />
			<frame n='8' pos='[2.79126,0,3.59223]' rotQuat='[0.0,-0.707107,0.0,0.707107]' />
			<frame n='16' pos='[2.79126,0,3.59223]' rotQuat='[0.0,-0.707107,0.0,0.707107]' />
			<frame n='18' pos='[2.79126,0,3.59223]' rotQuat='[0.0,-0.707107,0.0,0.707107]' />
			<frame n='20' pos='[2.79126,0,3.59223]' rotQuat='[0.0,-0.707107,0.0,0.707107]' />
		</bone>
	</animation>
</tgcSkeletalAnim>
