<tgcSkeletalAnim>
	<animation name='Push' bonesCount='23' framesCount='21' frameRate='30' startFrame='0' endFrame='20'>
		<boundingBox min='[-12.0661,-17.7779,-18.6426]' max='[10.3088,30.5664,17.9763]'/>
		<bone id='0' name='Bip001' keyFramesCount='5'>
			<frame n='0' pos='[0.212447,4.13067,1.14834]' rotQuat='[0.0,0.707106,0.0,0.707107]' />
			<frame n='4' pos='[0.212447,7.25334,1.14834]' rotQuat='[0.0,0.707106,0.0,0.707107]' />
			<frame n='10' pos='[0.212447,5.22073,1.14834]' rotQuat='[0.0,0.707106,0.0,0.707107]' />
			<frame n='15' pos='[0.212447,6.82943,1.14834]' rotQuat='[0.0,0.707106,0.0,0.707107]' />
			<frame n='20' pos='[0.212447,4.28335,1.14834]' rotQuat='[0.0,0.707106,0.0,0.707107]' />
		</bone>
		<bone id='1' name='Bip001 Footsteps' keyFramesCount='1'>
			<frame n='0' pos='[0,-20.7294,0]' rotQuat='[0.0,-0.707106,0.0,0.707107]' />
		</bone>
		<bone id='2' name='Bip001 Pelvis' keyFramesCount='4'>
			<frame n='0' pos='[0,0,0]' rotQuat='[0.497591,0.489419,0.508347,0.504436]' />
			<frame n='4' pos='[0,0,0]' rotQuat='[0.452122,0.443642,0.548752,0.545562]' />
			<frame n='10' pos='[0,0,0]' rotQuat='[0.402455,0.393727,0.585599,0.583166]' />
			<frame n='20' pos='[0,0,0]' rotQuat='[0.497591,0.489419,0.508347,0.504436]' />
		</bone>
		<bone id='3' name='Bip001 Spine' keyFramesCount='3'>
			<frame n='0' pos='[2.79217,-0.0334827,-0.016344]' rotQuat='[0.0119173,-0.137632,-0.00778343,0.990381]' />
			<frame n='10' pos='[2.79281,-0.0259697,-0.0265898]' rotQuat='[0.180483,-0.213438,-0.0464958,0.959014]' />
			<frame n='20' pos='[2.79217,-0.0334827,-0.016344]' rotQuat='[0.0119173,-0.137632,-0.00778343,0.990381]' />
		</bone>
		<bone id='4' name='Bip001 Spine1' keyFramesCount='3'>
			<frame n='0' pos='[5.24562,0,-0.00542426]' rotQuat='[0.0,0.0,0.0,1.0]' />
			<frame n='10' pos='[5.24489,0,-0.00537395]' rotQuat='[0.0,0.0671056,0.0,0.997746]' />
			<frame n='20' pos='[5.24562,0,-0.00542426]' rotQuat='[0.0,0.0,0.0,1.0]' />
		</bone>
		<bone id='5' name='Bip001 Neck' keyFramesCount='3'>
			<frame n='0' pos='[6.81169,0,-0.0014894]' rotQuat='[0.0,0.0,0.0,1.0]' />
			<frame n='10' pos='[6.81169,0,-0.00148916]' rotQuat='[0.0,0.0,0.0,1.0]' />
			<frame n='20' pos='[6.81169,0,-0.00148916]' rotQuat='[0.0,0.0,0.0,1.0]' />
		</bone>
		<bone id='6' name='Bip001 L Clavicle' keyFramesCount='3'>
			<frame n='0' pos='[0,0.849514,0.00148749]' rotQuat='[-0.707107,-0.707107,0.000282511,0.00028055]' />
			<frame n='10' pos='[0,0.849514,0.00148678]' rotQuat='[-0.707107,-0.707107,0.000282511,0.00028055]' />
			<frame n='20' pos='[0,0.849514,0.00148702]' rotQuat='[-0.707107,-0.707107,0.000282511,0.00028055]' />
		</bone>
		<bone id='7' name='Bip001 L UpperArm' keyFramesCount='3'>
			<frame n='0' pos='[4.39913,0,0]' rotQuat='[0.0536729,0.570972,-0.06471,0.816654]' />
			<frame n='10' pos='[4.39913,0,0]' rotQuat='[0.129895,0.554971,-0.00978046,0.821607]' />
			<frame n='20' pos='[4.39913,0,0]' rotQuat='[0.0536729,0.570972,-0.06471,0.816654]' />
		</bone>
		<bone id='8' name='Bip001 L Forearm' keyFramesCount='3'>
			<frame n='0' pos='[7.28155,0,0]' rotQuat='[0.0,0.219445,0.0,0.975625]' />
			<frame n='10' pos='[7.28155,0,0]' rotQuat='[0.0,0.307266,0.0,0.951624]' />
			<frame n='20' pos='[7.28155,0,0]' rotQuat='[0.0,0.219445,0.0,0.975625]' />
		</bone>
		<bone id='9' name='Bip001 L Hand' keyFramesCount='3'>
			<frame n='0' pos='[7.28155,0,0]' rotQuat='[0.526362,0.471747,0.472123,0.526781]' />
			<frame n='10' pos='[7.28155,0,0]' rotQuat='[-0.585224,-0.486564,-0.488325,-0.426975]' />
			<frame n='20' pos='[7.28155,0,0]' rotQuat='[0.526362,0.471747,0.472123,0.526781]' />
		</bone>
		<bone id='10' name='Bip001 R Clavicle' keyFramesCount='3'>
			<frame n='0' pos='[0,-0.849514,0.00149226]' rotQuat='[0.707107,-0.707107,-0.00028055,0.000282511]' />
			<frame n='10' pos='[0,-0.849514,0.00149155]' rotQuat='[0.707107,-0.707107,-0.00028055,0.000282511]' />
			<frame n='20' pos='[0,-0.849514,0.00149179]' rotQuat='[0.707107,-0.707107,-0.00028055,0.000282511]' />
		</bone>
		<bone id='11' name='Bip001 R UpperArm' keyFramesCount='3'>
			<frame n='0' pos='[4.39913,0,0]' rotQuat='[-0.113501,0.550552,-0.00687092,0.82702]' />
			<frame n='10' pos='[4.39913,0,0]' rotQuat='[-0.126096,0.364564,0.0117458,0.922526]' />
			<frame n='20' pos='[4.39913,0,0]' rotQuat='[-0.113501,0.550552,-0.00687093,0.82702]' />
		</bone>
		<bone id='12' name='Bip001 R Forearm' keyFramesCount='3'>
			<frame n='0' pos='[7.28155,0,0]' rotQuat='[0.0,0.274488,0.0,0.96159]' />
			<frame n='10' pos='[7.28155,0,0]' rotQuat='[0.0,0.490242,0.0,0.871586]' />
			<frame n='20' pos='[7.28155,0,0]' rotQuat='[0.0,0.274488,0.0,0.96159]' />
		</bone>
		<bone id='13' name='Bip001 R Hand' keyFramesCount='3'>
			<frame n='0' pos='[7.28155,0,0]' rotQuat='[-0.512526,0.459347,-0.484196,0.540251]' />
			<frame n='10' pos='[7.28155,0,0]' rotQuat='[-0.44434,0.398236,-0.535587,0.597592]' />
			<frame n='20' pos='[7.28155,0,0]' rotQuat='[-0.512526,0.459347,-0.484196,0.540251]' />
		</bone>
		<bone id='14' name='Bip001 Head' keyFramesCount='3'>
			<frame n='0' pos='[1.87029,0,0]' rotQuat='[0.0,0.0920621,0.0,0.995753]' />
			<frame n='10' pos='[1.87029,0,0]' rotQuat='[0.108598,0.0438467,-0.0047947,0.993107]' />
			<frame n='20' pos='[1.87029,0,0]' rotQuat='[0.0,0.0920622,0.0,0.995753]' />
		</bone>
		<bone id='15' name='Bip001 L Thigh' keyFramesCount='4'>
			<frame n='0' pos='[0,3.31352,0]' rotQuat='[-0.456972,0.0248648,-0.889016,-0.0144829]' />
			<frame n='10' pos='[0,3.31352,0]' rotQuat='[0.118222,0.184354,-0.97458,-0.0472335]' />
			<frame n='17' pos='[0,3.31352,0]' rotQuat='[-0.493346,0.0774703,-0.866226,0.0161408]' />
			<frame n='20' pos='[0,3.31352,0]' rotQuat='[-0.456972,0.0248648,-0.889016,-0.0144829]' />
		</bone>
		<bone id='16' name='Bip001 L Calf' keyFramesCount='4'>
			<frame n='0' pos='[11.6681,0,0]' rotQuat='[0.0,0.627247,0.0,0.77882]' />
			<frame n='10' pos='[11.6681,0,0]' rotQuat='[0.0,0.32069,0.0,0.947184]' />
			<frame n='17' pos='[11.6681,0,0]' rotQuat='[0.0,0.770665,0.0,0.63724]' />
			<frame n='20' pos='[11.6681,0,0]' rotQuat='[0.0,0.627247,0.0,0.77882]' />
		</bone>
		<bone id='17' name='Bip001 L Foot' keyFramesCount='4'>
			<frame n='0' pos='[12.1486,0,0]' rotQuat='[-0.00106045,-0.204083,0.0183364,0.978781]' />
			<frame n='10' pos='[12.1486,0,0]' rotQuat='[-0.00553334,-0.43832,0.0175138,0.898631]' />
			<frame n='17' pos='[12.1486,0,0]' rotQuat='[-0.0039756,-0.357797,0.0179317,0.933619]' />
			<frame n='20' pos='[12.1486,0,0]' rotQuat='[-0.00106045,-0.204083,0.0183364,0.978781]' />
		</bone>
		<bone id='18' name='Bip001 L Toe0' keyFramesCount='4'>
			<frame n='0' pos='[2.79126,0,3.59223]' rotQuat='[0.0,-0.707107,0.0,0.707107]' />
			<frame n='10' pos='[2.79126,0,3.59223]' rotQuat='[0.0,-0.707107,0.0,0.707107]' />
			<frame n='17' pos='[2.79126,0,3.59223]' rotQuat='[0.0,-0.707107,0.0,0.707107]' />
			<frame n='20' pos='[2.79126,0,3.59223]' rotQuat='[0.0,-0.707107,0.0,0.707107]' />
		</bone>
		<bone id='19' name='Bip001 R Thigh' keyFramesCount='4'>
			<frame n='0' pos='[0,-3.31352,0]' rotQuat='[0.182702,0.0149846,-0.982298,0.0385387]' />
			<frame n='5' pos='[0,-3.31352,0]' rotQuat='[-0.44862,0.0824275,-0.885592,0.0875944]' />
			<frame n='10' pos='[0,-3.31352,0]' rotQuat='[-0.372937,0.151545,-0.909144,0.106816]' />
			<frame n='20' pos='[0,-3.31352,0]' rotQuat='[0.182702,0.0149846,-0.982298,0.0385387]' />
		</bone>
		<bone id='20' name='Bip001 R Calf' keyFramesCount='4'>
			<frame n='0' pos='[11.6681,0,0]' rotQuat='[0.0,0.271983,0.0,0.962302]' />
			<frame n='5' pos='[11.6681,0,0]' rotQuat='[0.0,0.735084,0.0,0.677976]' />
			<frame n='10' pos='[11.6681,0,0]' rotQuat='[0.0,0.577805,0.0,0.816175]' />
			<frame n='20' pos='[11.6681,0,0]' rotQuat='[0.0,0.271983,0.0,0.962302]' />
		</bone>
		<bone id='21' name='Bip001 R Foot' keyFramesCount='4'>
			<frame n='0' pos='[12.1486,0,0]' rotQuat='[0.015964,-0.44427,-0.0441796,0.894661]' />
			<frame n='5' pos='[12.1486,0,0]' rotQuat='[0.0111646,-0.34639,-0.0456294,0.936914]' />
			<frame n='10' pos='[12.1486,0,0]' rotQuat='[0.005016,-0.219105,-0.0467068,0.97457]' />
			<frame n='20' pos='[12.1486,0,0]' rotQuat='[0.015964,-0.44427,-0.0441796,0.894661]' />
		</bone>
		<bone id='22' name='Bip001 R Toe0' keyFramesCount='4'>
			<frame n='0' pos='[2.79126,0,3.59223]' rotQuat='[0.0,-0.707107,0.0,0.707107]' />
			<frame n='5' pos='[2.79126,0,3.59223]' rotQuat='[0.0,-0.707107,0.0,0.707107]' />
			<frame n='10' pos='[2.79126,0,3.59223]' rotQuat='[0.0,-0.707107,0.0,0.707107]' />
			<frame n='20' pos='[2.79126,0,3.59223]' rotQuat='[0.0,-0.707107,0.0,0.707107]' />
		</bone>
	</animation>
</tgcSkeletalAnim>
