<tgcSkeletalAnim>
	<animation name='Caminando' bonesCount='23' framesCount='41' frameRate='30' startFrame='0' endFrame='40'>
		<boundingBox min='[-27.2813,-0.539429,-51.6607]' max='[24.1272,132.322,44.4724]'/>
		<bone id='0' name='Bip01 Pelvis' keyFramesCount='1'>
			<frame n='0' pos='[0.077,47.4633,0.594]' rotQuat='[-0.707106,-0.707107,0.0,0.0]' />
		</bone>
		<bone id='1' name='Bip01 Spine' keyFramesCount='3'>
			<frame n='0' pos='[8.63544,0,-0.00834543]' rotQuat='[0.0,-0.000398159,0.0,1.0]' />
			<frame n='20' pos='[8.63544,-0.00323313,-0.00768894]' rotQuat='[-0.198304,-0.000390389,0.0,0.980141]' />
			<frame n='40' pos='[8.63544,0.000525162,-0.00832963]' rotQuat='[0.0307537,-0.000397949,0.0,0.999527]' />
		</bone>
		<bone id='2' name='Bip01 Spine1' keyFramesCount='3'>
			<frame n='0' pos='[10.4837,0,-0.00834787]' rotQuat='[0.0,0.0,0.0,1.0]' />
			<frame n='20' pos='[10.4837,0,-0.00834787]' rotQuat='[0.0,0.0,0.0,1.0]' />
			<frame n='40' pos='[10.4837,0,-0.00834787]' rotQuat='[0.0,0.0,0.0,1.0]' />
		</bone>
		<bone id='3' name='Bip01 Spine2' keyFramesCount='3'>
			<frame n='0' pos='[10.4837,0,-0.00754267]' rotQuat='[0.0,0.0,0.0,1.0]' />
			<frame n='20' pos='[10.4837,0,-0.00754273]' rotQuat='[0.0,0.0,0.0,1.0]' />
			<frame n='40' pos='[10.4837,0,-0.00754273]' rotQuat='[0.0,0.0,0.0,1.0]' />
		</bone>
		<bone id='4' name='Bip01 Neck' keyFramesCount='1'>
			<frame n='0' pos='[14.6497,0,-0.00826854]' rotQuat='[0.0,0.0,0.0,1.0]' />
		</bone>
		<bone id='5' name='Bip01 Head' keyFramesCount='1'>
			<frame n='0' pos='[5.20669,0,0]' rotQuat='[0.0,0.000398831,0.0,1.0]' />
		</bone>
		<bone id='6' name='Bip01 R Clavicle' keyFramesCount='3'>
			<frame n='0' pos='[-5.17724,-6.7402,0.0082832]' rotQuat='[-0.798218,0.602369,0.000316978,-0.00024095]' />
			<frame n='20' pos='[-5.17725,-6.7402,0.00828344]' rotQuat='[-0.798218,0.602369,0.000316986,-0.000240943]' />
			<frame n='40' pos='[-5.17724,-6.7402,0.0082832]' rotQuat='[-0.798218,0.602369,0.00031698,-0.000240948]' />
		</bone>
		<bone id='7' name='Bip01 R UpperArm' keyFramesCount='3'>
			<frame n='0' pos='[6.93448,0,0]' rotQuat='[0.389442,-0.393991,0.583714,0.59362]' />
			<frame n='20' pos='[6.93448,0,0]' rotQuat='[-0.349464,0.106234,0.600052,0.711707]' />
			<frame n='40' pos='[6.93448,0,0]' rotQuat='[0.381619,-0.350322,0.58863,0.62061]' />
		</bone>
		<bone id='8' name='Bip01 R Forearm' keyFramesCount='3'>
			<frame n='0' pos='[14.9946,0,0]' rotQuat='[0.0,0.279247,0.0,0.960219]' />
			<frame n='20' pos='[14.9946,0,0]' rotQuat='[0.0,0.279247,0.0,0.960219]' />
			<frame n='40' pos='[14.9946,0,0]' rotQuat='[0.0,0.279247,0.0,0.960219]' />
		</bone>
		<bone id='9' name='Bip01 R Hand' keyFramesCount='3'>
			<frame n='0' pos='[17.1349,0,0]' rotQuat='[-0.706823,-0.0017918,0.00179324,0.707386]' />
			<frame n='20' pos='[17.1349,0,0]' rotQuat='[-0.706823,-0.00179181,0.00179322,0.707386]' />
			<frame n='40' pos='[17.1348,0,0]' rotQuat='[-0.706823,-0.0017918,0.00179325,0.707386]' />
		</bone>
		<bone id='10' name='Bip01 R Finger0' keyFramesCount='3'>
			<frame n='0' pos='[16.9962,0,0]' rotQuat='[-0.000398129,0.0,0.0,1.0]' />
			<frame n='20' pos='[16.9962,0,0]' rotQuat='[-0.000398144,0.0,0.0,1.0]' />
			<frame n='40' pos='[16.9962,0,0]' rotQuat='[-0.000398144,0.0,0.0,1.0]' />
		</bone>
		<bone id='11' name='Bip01 L Clavicle' keyFramesCount='3'>
			<frame n='0' pos='[-5.17724,6.7402,0.00824583]' rotQuat='[-0.798218,-0.602369,0.000318649,0.000238736]' />
			<frame n='20' pos='[-5.17725,6.7402,0.00824612]' rotQuat='[-0.798218,-0.602369,0.000318648,0.000238732]' />
			<frame n='40' pos='[-5.17724,6.7402,0.00824577]' rotQuat='[-0.798218,-0.602369,0.000318647,0.000238736]' />
		</bone>
		<bone id='12' name='Bip01 L UpperArm' keyFramesCount='3'>
			<frame n='0' pos='[6.93448,0,0]' rotQuat='[0.23933,0.164391,-0.693759,0.659087]' />
			<frame n='20' pos='[6.93448,0,0]' rotQuat='[-0.472085,-0.265623,-0.556636,0.62987]' />
			<frame n='40' pos='[6.93448,0,0]' rotQuat='[0.279579,0.163635,-0.677809,0.660025]' />
		</bone>
		<bone id='13' name='Bip01 L Forearm' keyFramesCount='3'>
			<frame n='0' pos='[14.9946,0,0]' rotQuat='[0.0,0.361518,0.0,0.932365]' />
			<frame n='20' pos='[14.9946,0,0]' rotQuat='[0.0,0.306704,0.0,0.951805]' />
			<frame n='40' pos='[14.9946,0,0]' rotQuat='[0.0,0.361518,0.0,0.932365]' />
		</bone>
		<bone id='14' name='Bip01 L Hand' keyFramesCount='3'>
			<frame n='0' pos='[17.1349,0,0]' rotQuat='[0.706823,-0.00179181,-0.00179323,0.707386]' />
			<frame n='20' pos='[17.1349,0,0]' rotQuat='[0.706823,-0.0017918,-0.00179322,0.707386]' />
			<frame n='40' pos='[17.1349,0,0]' rotQuat='[0.706823,-0.0017918,-0.00179322,0.707386]' />
		</bone>
		<bone id='15' name='Bip01 R Thigh' keyFramesCount='5'>
			<frame n='0' pos='[-8.63543,-6.5002,0.0152422]' rotQuat='[-0.143542,-0.000907256,-0.989624,0.00621288]' />
			<frame n='20' pos='[-8.63744,-5.98897,-2.51162]' rotQuat='[0.247349,0.193416,-0.94848,-0.0423563]' />
			<frame n='29' pos='[-8.63671,-6.29741,-1.59575]' rotQuat='[-0.297466,0.111116,-0.947018,0.0482055]' />
			<frame n='34' pos='[-8.63597,-6.46521,-0.658329]' rotQuat='[-0.503939,0.0372373,-0.862213,0.0353299]' />
			<frame n='40' pos='[-8.63511,-6.48791,0.414836]' rotQuat='[-0.143248,-0.032321,-0.989158,0.00156624]' />
		</bone>
		<bone id='16' name='Bip01 R Calf' keyFramesCount='5'>
			<frame n='0' pos='[20.1808,0,0]' rotQuat='[0.0,0.00107815,0.0,0.999999]' />
			<frame n='20' pos='[20.1808,0,0]' rotQuat='[0.0,0.279676,0.0,0.960094]' />
			<frame n='29' pos='[20.1808,0,0]' rotQuat='[0.0,-0.866998,0.0,-0.498312]' />
			<frame n='34' pos='[20.1808,0,0]' rotQuat='[0.0,0.631194,0.0,0.775625]' />
			<frame n='40' pos='[20.1808,0,0]' rotQuat='[0.0,0.00114511,0.0,0.999999]' />
		</bone>
		<bone id='17' name='Bip01 R Foot' keyFramesCount='5'>
			<frame n='0' pos='[18.3611,0,0]' rotQuat='[-0.00122055,0.136694,-0.00602043,0.990594]' />
			<frame n='20' pos='[18.3611,0,0]' rotQuat='[0.00565071,-0.148237,-0.00496654,0.988923]' />
			<frame n='29' pos='[18.3611,0,0]' rotQuat='[0.0128814,-0.132965,-0.00775237,0.991007]' />
			<frame n='34' pos='[18.3611,0,0]' rotQuat='[0.000421964,-0.179759,-0.0124968,0.983631]' />
			<frame n='40' pos='[18.3611,0,0]' rotQuat='[-0.00213382,0.146189,-0.00576547,0.989238]' />
		</bone>
		<bone id='18' name='Bip01 R Toe0' keyFramesCount='5'>
			<frame n='0' pos='[9.8946,0,19.8342]' rotQuat='[0.000115867,-0.703248,-0.000322039,0.710945]' />
			<frame n='20' pos='[9.89459,0,19.8342]' rotQuat='[0.0,-0.922297,-0.000341153,0.386481]' />
			<frame n='29' pos='[9.8946,0,19.8342]' rotQuat='[-0.000123151,-0.798426,0.00158531,0.602091]' />
			<frame n='34' pos='[9.89459,0,19.8342]' rotQuat='[0.0,-0.762348,0.000768189,0.647167]' />
			<frame n='40' pos='[9.8946,0,19.8342]' rotQuat='[0.000112662,-0.710373,-0.000323558,0.703825]' />
		</bone>
		<bone id='19' name='Bip01 L Thigh' keyFramesCount='5'>
			<frame n='0' pos='[-8.63543,6.5002,0.015206]' rotQuat='[0.214804,-0.00254397,-0.976508,-0.0168966]' />
			<frame n='8' pos='[-8.6344,6.36936,1.31287]' rotQuat='[-0.186795,0.108848,-0.976331,-0.0061752]' />
			<frame n='15' pos='[-8.63361,6.08372,2.30454]' rotQuat='[-0.472998,0.169985,-0.861968,0.0662432]' />
			<frame n='20' pos='[-8.63342,5.98897,2.54207]' rotQuat='[-0.134335,0.199056,-0.970613,0.0155092]' />
			<frame n='40' pos='[-8.63575,6.48791,-0.384388]' rotQuat='[0.218943,-0.0317588,-0.97519,-0.00771377]' />
		</bone>
		<bone id='20' name='Bip01 L Calf' keyFramesCount='5'>
			<frame n='0' pos='[20.1808,0,0]' rotQuat='[0.0,0.310648,0.0,0.950525]' />
			<frame n='8' pos='[20.1808,0,0]' rotQuat='[0.0,0.826507,0.0,0.562926]' />
			<frame n='15' pos='[20.1808,0,0]' rotQuat='[0.0,0.675531,0.0,0.737331]' />
			<frame n='20' pos='[20.1808,0,0]' rotQuat='[0.0,0.00086315,0.0,1.0]' />
			<frame n='40' pos='[20.1808,0,0]' rotQuat='[0.0,0.35099,0.0,0.936379]' />
		</bone>
		<bone id='21' name='Bip01 L Foot' keyFramesCount='5'>
			<frame n='0' pos='[18.3611,0,0]' rotQuat='[-0.0121291,-0.206801,0.0120348,0.978234]' />
			<frame n='8' pos='[18.3611,0,0]' rotQuat='[-0.0266115,-0.369797,0.0157855,0.928597]' />
			<frame n='15' pos='[18.3611,0,0]' rotQuat='[-0.00466858,-0.261537,0.0241465,0.96488]' />
			<frame n='20' pos='[18.3611,0,0]' rotQuat='[0.00256462,0.138126,0.0112857,0.990347]' />
			<frame n='40' pos='[18.3611,0,0]' rotQuat='[-0.0109995,-0.199334,0.00952392,0.979824]' />
		</bone>
		<bone id='22' name='Bip01 L Toe0' keyFramesCount='5'>
			<frame n='0' pos='[9.8946,0,19.8342]' rotQuat='[0.0,-0.895636,0.0,0.444788]' />
			<frame n='8' pos='[9.89459,0,19.8342]' rotQuat='[-0.000266979,-0.85929,-0.00430818,0.51147]' />
			<frame n='15' pos='[9.89459,0,19.8342]' rotQuat='[-0.000103769,-0.771,-0.00159763,0.636833]' />
			<frame n='20' pos='[9.8946,0,19.8342]' rotQuat='[0.0,-0.710384,0.0,0.703815]' />
			<frame n='40' pos='[9.8946,0,19.8342]' rotQuat='[0.0,-0.918445,0.0,0.39555]' />
		</bone>
	</animation>
</tgcSkeletalAnim>
