<tgcSkeletalAnim>
	<animation name='Empujar' bonesCount='23' framesCount='41' frameRate='30' startFrame='0' endFrame='40'>
		<boundingBox min='[-21.3423,-0.539429,-52.0209]' max='[24.2297,124.941,38.3165]'/>
		<bone id='0' name='Bip01 Pelvis' keyFramesCount='1'>
			<frame n='0' pos='[0.077,47.4633,0.594]' rotQuat='[-0.707106,-0.707107,0.0,0.0]' />
		</bone>
		<bone id='1' name='Bip01 Spine' keyFramesCount='3'>
			<frame n='0' pos='[8.64004,0,-0.00696307]' rotQuat='[0.0,-0.28795,0.0,0.957645]' />
			<frame n='20' pos='[8.64004,0,-0.00696307]' rotQuat='[0.0,-0.28795,0.0,0.957645]' />
			<frame n='40' pos='[8.64004,0,-0.00696307]' rotQuat='[0.0,-0.28795,0.0,0.957645]' />
		</bone>
		<bone id='2' name='Bip01 Spine1' keyFramesCount='3'>
			<frame n='0' pos='[10.483,0,-0.00831413]' rotQuat='[0.0,0.0428829,0.0,0.99908]' />
			<frame n='20' pos='[10.483,0,-0.00831413]' rotQuat='[0.0,0.0428829,0.0,0.99908]' />
			<frame n='40' pos='[10.483,0,-0.00831413]' rotQuat='[0.0,0.0428829,0.0,0.99908]' />
		</bone>
		<bone id='3' name='Bip01 Spine2' keyFramesCount='3'>
			<frame n='0' pos='[10.4843,0,-0.00752068]' rotQuat='[0.0,-0.0386589,0.0,0.999252]' />
			<frame n='20' pos='[10.4843,0,-0.00752068]' rotQuat='[0.0,-0.0386589,0.0,0.999252]' />
			<frame n='40' pos='[10.4843,0,-0.00752068]' rotQuat='[0.0,-0.0386589,0.0,0.999252]' />
		</bone>
		<bone id='4' name='Bip01 Neck' keyFramesCount='3'>
			<frame n='0' pos='[14.6497,0,-0.00826645]' rotQuat='[0.0,0.0,0.0,1.0]' />
			<frame n='20' pos='[14.6497,0,-0.00826645]' rotQuat='[0.0,0.0,0.0,1.0]' />
			<frame n='40' pos='[14.6497,0,-0.00826645]' rotQuat='[0.0,0.0,0.0,1.0]' />
		</bone>
		<bone id='5' name='Bip01 Head' keyFramesCount='3'>
			<frame n='0' pos='[5.2067,0,0]' rotQuat='[0.0,0.17436,0.0,0.984682]' />
			<frame n='20' pos='[5.2067,0,0]' rotQuat='[0.0,0.17436,0.0,0.984682]' />
			<frame n='40' pos='[5.2067,0,0]' rotQuat='[0.0,0.17436,0.0,0.984682]' />
		</bone>
		<bone id='6' name='Bip01 R Clavicle' keyFramesCount='3'>
			<frame n='0' pos='[-5.17723,-6.7402,0.00828362]' rotQuat='[-0.798218,0.602369,0.000316974,-0.000240938]' />
			<frame n='20' pos='[-5.17723,-6.7402,0.00828362]' rotQuat='[-0.798218,0.602369,0.000316974,-0.000240938]' />
			<frame n='40' pos='[-5.17723,-6.7402,0.00828362]' rotQuat='[-0.798218,0.602369,0.000316974,-0.000240938]' />
		</bone>
		<bone id='7' name='Bip01 R UpperArm' keyFramesCount='3'>
			<frame n='0' pos='[6.93448,0,0]' rotQuat='[-0.611154,0.53042,0.374941,0.452288]' />
			<frame n='20' pos='[6.93448,0,0]' rotQuat='[-0.611154,0.53042,0.374941,0.452288]' />
			<frame n='40' pos='[6.93448,0,0]' rotQuat='[-0.611154,0.53042,0.374941,0.452288]' />
		</bone>
		<bone id='8' name='Bip01 R Forearm' keyFramesCount='3'>
			<frame n='0' pos='[14.9946,0,0]' rotQuat='[0.0,0.214783,0.0,0.976662]' />
			<frame n='20' pos='[14.9946,0,0]' rotQuat='[0.0,0.214783,0.0,0.976662]' />
			<frame n='40' pos='[14.9946,0,0]' rotQuat='[0.0,0.214783,0.0,0.976662]' />
		</bone>
		<bone id='9' name='Bip01 R Hand' keyFramesCount='3'>
			<frame n='0' pos='[17.1349,0,0]' rotQuat='[-0.126073,0.594368,-0.0924195,0.788854]' />
			<frame n='20' pos='[17.1349,0,0]' rotQuat='[-0.126073,0.594368,-0.0924195,0.788854]' />
			<frame n='40' pos='[17.1349,0,0]' rotQuat='[-0.126073,0.594368,-0.0924195,0.788854]' />
		</bone>
		<bone id='10' name='Bip01 R Finger0' keyFramesCount='3'>
			<frame n='0' pos='[16.9962,0,0]' rotQuat='[-0.00039814,0.0,0.0,1.0]' />
			<frame n='20' pos='[16.9962,0,0]' rotQuat='[-0.00039814,0.0,0.0,1.0]' />
			<frame n='40' pos='[16.9962,0,0]' rotQuat='[-0.00039814,0.0,0.0,1.0]' />
		</bone>
		<bone id='11' name='Bip01 L Clavicle' keyFramesCount='3'>
			<frame n='0' pos='[-5.17723,6.7402,0.00824547]' rotQuat='[-0.798218,-0.602369,0.000318649,0.00023873]' />
			<frame n='20' pos='[-5.17723,6.7402,0.00824547]' rotQuat='[-0.798218,-0.602369,0.000318649,0.00023873]' />
			<frame n='40' pos='[-5.17723,6.7402,0.00824547]' rotQuat='[-0.798218,-0.602369,0.000318649,0.00023873]' />
		</bone>
		<bone id='12' name='Bip01 L UpperArm' keyFramesCount='3'>
			<frame n='0' pos='[6.93448,0,0]' rotQuat='[-0.601023,-0.433246,0.464243,-0.485332]' />
			<frame n='20' pos='[6.93448,0,0]' rotQuat='[-0.601023,-0.433246,0.464243,-0.485332]' />
			<frame n='40' pos='[6.93448,0,0]' rotQuat='[-0.601023,-0.433246,0.464243,-0.485332]' />
		</bone>
		<bone id='13' name='Bip01 L Forearm' keyFramesCount='3'>
			<frame n='0' pos='[14.9946,0,0]' rotQuat='[0.0,0.298724,0.0,0.95434]' />
			<frame n='20' pos='[14.9946,0,0]' rotQuat='[0.0,0.298724,0.0,0.95434]' />
			<frame n='40' pos='[14.9946,0,0]' rotQuat='[0.0,0.298724,0.0,0.95434]' />
		</bone>
		<bone id='14' name='Bip01 L Hand' keyFramesCount='3'>
			<frame n='0' pos='[17.1348,0,0]' rotQuat='[0.0854348,0.598534,0.0617526,0.794132]' />
			<frame n='20' pos='[17.1348,0,0]' rotQuat='[0.0854348,0.598534,0.0617526,0.794132]' />
			<frame n='40' pos='[17.1348,0,0]' rotQuat='[0.0854348,0.598534,0.0617526,0.794132]' />
		</bone>
		<bone id='15' name='Bip01 R Thigh' keyFramesCount='5'>
			<frame n='0' pos='[-7.20341,-6.50019,4.77088]' rotQuat='[-0.422064,0.000917809,-0.906544,0.00621055]' />
			<frame n='20' pos='[-7.20341,-6.50019,4.77088]' rotQuat='[-0.0381561,0.00367028,-0.999241,0.00692161]' />
			<frame n='29' pos='[-7.20341,-6.50019,4.77088]' rotQuat='[-0.562637,-0.00462529,-0.826595,0.0126327]' />
			<frame n='34' pos='[-7.20342,-6.50019,4.77088]' rotQuat='[-0.731926,-0.00460862,-0.68128,0.0109607]' />
			<frame n='40' pos='[-7.20341,-6.50019,4.77088]' rotQuat='[-0.421689,0.0,-0.906719,0.00623619]' />
		</bone>
		<bone id='16' name='Bip01 R Calf' keyFramesCount='5'>
			<frame n='0' pos='[20.1808,0,0]' rotQuat='[0.0,0.00107815,0.0,0.999999]' />
			<frame n='20' pos='[20.1808,0,0]' rotQuat='[0.0,0.279676,0.0,0.960094]' />
			<frame n='29' pos='[20.1808,0,0]' rotQuat='[0.0,-0.866998,0.0,-0.498312]' />
			<frame n='34' pos='[20.1808,0,0]' rotQuat='[0.0,0.631194,0.0,0.775625]' />
			<frame n='40' pos='[20.1808,0,0]' rotQuat='[0.0,0.00114511,0.0,0.999999]' />
		</bone>
		<bone id='17' name='Bip01 R Foot' keyFramesCount='5'>
			<frame n='0' pos='[18.3611,0,0]' rotQuat='[-0.00122055,0.136694,-0.00602043,0.990594]' />
			<frame n='20' pos='[18.3611,0,0]' rotQuat='[0.00565071,-0.148237,-0.00496654,0.988923]' />
			<frame n='29' pos='[18.3611,0,0]' rotQuat='[0.0128814,-0.132965,-0.00775237,0.991007]' />
			<frame n='34' pos='[18.3611,0,0]' rotQuat='[0.000421964,-0.179759,-0.0124968,0.983631]' />
			<frame n='40' pos='[18.3611,0,0]' rotQuat='[-0.00213382,0.146189,-0.00576547,0.989238]' />
		</bone>
		<bone id='18' name='Bip01 R Toe0' keyFramesCount='5'>
			<frame n='0' pos='[9.8946,0,19.8342]' rotQuat='[0.000115867,-0.703248,-0.000322039,0.710945]' />
			<frame n='20' pos='[9.89459,0,19.8342]' rotQuat='[0.0,-0.922297,-0.000341153,0.386481]' />
			<frame n='29' pos='[9.8946,0,19.8342]' rotQuat='[-0.000123151,-0.798426,0.00158531,0.602091]' />
			<frame n='34' pos='[9.89459,0,19.8342]' rotQuat='[0.0,-0.762348,0.000768189,0.647167]' />
			<frame n='40' pos='[9.8946,0,19.8342]' rotQuat='[0.000112662,-0.710373,-0.000323558,0.703825]' />
		</bone>
		<bone id='19' name='Bip01 L Thigh' keyFramesCount='5'>
			<frame n='0' pos='[-7.20341,6.50022,4.77084]' rotQuat='[-0.0750822,-0.00729562,-0.997031,-0.0154521]' />
			<frame n='8' pos='[-7.20341,6.50022,4.77084]' rotQuat='[-0.459904,0.00276555,-0.887562,-0.0267311]' />
			<frame n='15' pos='[-7.20341,6.50022,4.77084]' rotQuat='[-0.709701,0.00677786,-0.704119,-0.0222542]' />
			<frame n='20' pos='[-7.20341,6.50022,4.77084]' rotQuat='[-0.414007,-0.000752257,-0.9102,-0.0115576]' />
			<frame n='40' pos='[-7.20341,6.50022,4.77084]' rotQuat='[-0.0712147,-0.00584652,-0.997355,-0.0133503]' />
		</bone>
		<bone id='20' name='Bip01 L Calf' keyFramesCount='5'>
			<frame n='0' pos='[20.1808,0,0]' rotQuat='[0.0,0.310648,0.0,0.950525]' />
			<frame n='8' pos='[20.1808,0,0]' rotQuat='[0.0,0.826507,0.0,0.562926]' />
			<frame n='15' pos='[20.1808,0,0]' rotQuat='[0.0,0.675531,0.0,0.737331]' />
			<frame n='20' pos='[20.1808,0,0]' rotQuat='[0.0,0.00086315,0.0,1.0]' />
			<frame n='40' pos='[20.1808,0,0]' rotQuat='[0.0,0.35099,0.0,0.936379]' />
		</bone>
		<bone id='21' name='Bip01 L Foot' keyFramesCount='5'>
			<frame n='0' pos='[18.3611,0,0]' rotQuat='[-0.0121291,-0.206801,0.0120348,0.978234]' />
			<frame n='8' pos='[18.3611,0,0]' rotQuat='[-0.0266115,-0.369797,0.0157855,0.928597]' />
			<frame n='15' pos='[18.3611,0,0]' rotQuat='[-0.00466858,-0.261537,0.0241465,0.96488]' />
			<frame n='20' pos='[18.3611,0,0]' rotQuat='[0.00256462,0.138126,0.0112857,0.990347]' />
			<frame n='40' pos='[18.3611,0,0]' rotQuat='[-0.0109995,-0.199334,0.00952392,0.979824]' />
		</bone>
		<bone id='22' name='Bip01 L Toe0' keyFramesCount='5'>
			<frame n='0' pos='[9.8946,0,19.8342]' rotQuat='[0.0,-0.895636,0.0,0.444788]' />
			<frame n='8' pos='[9.89459,0,19.8342]' rotQuat='[-0.000266979,-0.85929,-0.00430818,0.51147]' />
			<frame n='15' pos='[9.89459,0,19.8342]' rotQuat='[-0.000103769,-0.771,-0.00159763,0.636833]' />
			<frame n='20' pos='[9.8946,0,19.8342]' rotQuat='[0.0,-0.710384,0.0,0.703815]' />
			<frame n='40' pos='[9.8946,0,19.8342]' rotQuat='[0.0,-0.918445,0.0,0.39555]' />
		</bone>
	</animation>
</tgcSkeletalAnim>
