<tgcSkeletalAnim>
	<animation name='Parado' bonesCount='23' framesCount='201' frameRate='30' startFrame='0' endFrame='200'>
		<boundingBox min='[-28.9006,-0.308678,-37.5592]' max='[42.646,129.338,20.4147]'/>
		<bone id='0' name='Bip01 Pelvis' keyFramesCount='2'>
			<frame n='0' pos='[0.077358,41.3769,0.593629]' rotQuat='[-0.706987,-0.706988,0.0129831,0.0129831]' />
			<frame n='200' pos='[0.077358,41.3769,0.593629]' rotQuat='[-0.706987,-0.706988,0.0129831,0.0129831]' />
		</bone>
		<bone id='1' name='Bip01 Spine' keyFramesCount='3'>
			<frame n='0' pos='[8.63544,-0.00379198,-0.00742865]' rotQuat='[-0.23437,-0.000387232,0.0,0.972147]' />
			<frame n='50' pos='[8.63544,-0.000699025,-0.00831532]' rotQuat='[-0.0426281,-0.000397827,0.0,0.999091]' />
			<frame n='200' pos='[8.63544,-0.00379198,-0.00742865]' rotQuat='[-0.23437,-0.000387232,0.0,0.972147]' />
		</bone>
		<bone id='2' name='Bip01 Spine1' keyFramesCount='3'>
			<frame n='0' pos='[10.4837,0,-0.00834793]' rotQuat='[0.0,0.0,0.0,1.0]' />
			<frame n='50' pos='[10.4837,0,-0.00834787]' rotQuat='[0.0,0.0,0.0,1.0]' />
			<frame n='200' pos='[10.4837,0,-0.00834793]' rotQuat='[0.0,0.0,0.0,1.0]' />
		</bone>
		<bone id='3' name='Bip01 Spine2' keyFramesCount='3'>
			<frame n='0' pos='[10.4837,0,-0.00754267]' rotQuat='[0.0,0.0,0.0,1.0]' />
			<frame n='50' pos='[10.4837,0,-0.00754261]' rotQuat='[0.0,0.0,0.0,1.0]' />
			<frame n='200' pos='[10.4837,0,-0.00754267]' rotQuat='[0.0,0.0,0.0,1.0]' />
		</bone>
		<bone id='4' name='Bip01 Neck' keyFramesCount='4'>
			<frame n='0' pos='[14.6497,0,-0.00826842]' rotQuat='[0.0,0.0,0.0,1.0]' />
			<frame n='36' pos='[14.6497,0,-0.00826848]' rotQuat='[0.0,0.0,0.0,1.0]' />
			<frame n='87' pos='[14.6497,0,-0.00826848]' rotQuat='[0.0,0.0,0.0,1.0]' />
			<frame n='200' pos='[14.6497,0,-0.00826842]' rotQuat='[0.0,0.0,0.0,1.0]' />
		</bone>
		<bone id='5' name='Bip01 Head' keyFramesCount='4'>
			<frame n='0' pos='[5.20669,0,0]' rotQuat='[0.0,0.000398831,0.0,1.0]' />
			<frame n='36' pos='[5.20669,0,0]' rotQuat='[0.0151259,0.128278,0.00194412,0.991621]' />
			<frame n='87' pos='[5.20668,0,0]' rotQuat='[0.268798,0.000384152,-0.000106833,0.963196]' />
			<frame n='200' pos='[5.20669,0,0]' rotQuat='[0.0,0.000398831,0.0,1.0]' />
		</bone>
		<bone id='6' name='Bip01 R Clavicle' keyFramesCount='3'>
			<frame n='0' pos='[-5.17725,-6.7402,0.00828302]' rotQuat='[-0.798218,0.602369,0.000316989,-0.000240936]' />
			<frame n='87' pos='[-5.17725,-6.7402,0.00828314]' rotQuat='[-0.798218,0.602369,0.000316976,-0.000240952]' />
			<frame n='200' pos='[-5.17725,-6.7402,0.00828302]' rotQuat='[-0.798218,0.602369,0.000316989,-0.000240936]' />
		</bone>
		<bone id='7' name='Bip01 R UpperArm' keyFramesCount='3'>
			<frame n='0' pos='[6.93448,0,0]' rotQuat='[0.0778208,-0.0589539,0.709466,0.697944]' />
			<frame n='87' pos='[6.93448,0,0]' rotQuat='[-0.00398136,-0.0696204,0.691279,0.719215]' />
			<frame n='200' pos='[6.93448,0,0]' rotQuat='[0.0778208,-0.0589539,0.709466,0.697944]' />
		</bone>
		<bone id='8' name='Bip01 R Forearm' keyFramesCount='3'>
			<frame n='0' pos='[14.9946,0,0]' rotQuat='[0.0,0.432903,0.0,0.901441]' />
			<frame n='87' pos='[14.9946,0,0]' rotQuat='[0.0,0.159867,0.0,0.987139]' />
			<frame n='200' pos='[14.9946,0,0]' rotQuat='[0.0,0.432903,0.0,0.901441]' />
		</bone>
		<bone id='9' name='Bip01 R Hand' keyFramesCount='3'>
			<frame n='0' pos='[17.1349,0,0]' rotQuat='[-0.706823,-0.00179182,0.00179322,0.707386]' />
			<frame n='87' pos='[17.1349,0,0]' rotQuat='[-0.706823,-0.00179179,0.00179322,0.707386]' />
			<frame n='200' pos='[17.1349,0,0]' rotQuat='[-0.706823,-0.00179182,0.00179322,0.707386]' />
		</bone>
		<bone id='10' name='Bip01 R Finger0' keyFramesCount='3'>
			<frame n='0' pos='[16.9962,0,0]' rotQuat='[-0.000398148,0.0,0.0,1.0]' />
			<frame n='87' pos='[16.9962,0,0]' rotQuat='[-0.00039814,0.0,0.0,1.0]' />
			<frame n='200' pos='[16.9962,0,0]' rotQuat='[-0.000398148,0.0,0.0,1.0]' />
		</bone>
		<bone id='11' name='Bip01 L Clavicle' keyFramesCount='3'>
			<frame n='0' pos='[-5.17725,6.7402,0.00824583]' rotQuat='[-0.798218,-0.602369,0.000318644,0.000238739]' />
			<frame n='100' pos='[-5.17725,6.7402,0.00824571]' rotQuat='[-0.798218,-0.602369,0.000318653,0.000238733]' />
			<frame n='200' pos='[-5.17725,6.7402,0.00824583]' rotQuat='[-0.798218,-0.602369,0.000318644,0.000238739]' />
		</bone>
		<bone id='12' name='Bip01 L UpperArm' keyFramesCount='3'>
			<frame n='0' pos='[6.93448,0,0]' rotQuat='[0.0262013,-0.0752533,-0.610795,0.787769]' />
			<frame n='100' pos='[6.93448,0,0]' rotQuat='[-0.043866,-0.0442453,-0.722464,0.688595]' />
			<frame n='200' pos='[6.93448,0,0]' rotQuat='[0.0262013,-0.0752533,-0.610795,0.787769]' />
		</bone>
		<bone id='13' name='Bip01 L Forearm' keyFramesCount='3'>
			<frame n='0' pos='[14.9946,0,0]' rotQuat='[0.0,0.274696,0.0,0.961531]' />
			<frame n='100' pos='[14.9946,0,0]' rotQuat='[0.0,0.274696,0.0,0.961531]' />
			<frame n='200' pos='[14.9946,0,0]' rotQuat='[0.0,0.274696,0.0,0.961531]' />
		</bone>
		<bone id='14' name='Bip01 L Hand' keyFramesCount='3'>
			<frame n='0' pos='[17.1349,0,0]' rotQuat='[0.706823,-0.00179179,-0.00179322,0.707386]' />
			<frame n='100' pos='[17.1349,0,0]' rotQuat='[0.706823,-0.00179179,-0.00179323,0.707386]' />
			<frame n='200' pos='[17.1349,0,0]' rotQuat='[0.706823,-0.00179179,-0.00179322,0.707386]' />
		</bone>
		<bone id='15' name='Bip01 R Thigh' keyFramesCount='3'>
			<frame n='0' pos='[-8.63779,-5.78609,-2.94683]' rotQuat='[-0.38874,0.279088,-0.871768,0.104934]' />
			<frame n='100' pos='[-8.63624,-6.42014,-1.00182]' rotQuat='[-0.295541,0.143693,-0.943699,0.0379467]' />
			<frame n='200' pos='[-8.63779,-5.78609,-2.94683]' rotQuat='[-0.386802,0.279071,-0.872816,0.103419]' />
		</bone>
		<bone id='16' name='Bip01 R Calf' keyFramesCount='3'>
			<frame n='0' pos='[20.1808,0,0]' rotQuat='[0.0,0.332961,0.0,0.942941]' />
			<frame n='100' pos='[20.1808,0,0]' rotQuat='[0.0,0.250867,0.0,0.968022]' />
			<frame n='200' pos='[20.1808,0,0]' rotQuat='[0.0,0.318928,0.0,0.947779]' />
		</bone>
		<bone id='17' name='Bip01 R Foot' keyFramesCount='3'>
			<frame n='0' pos='[18.3611,0,0]' rotQuat='[0.00304548,0.0743301,0.0166096,0.997091]' />
			<frame n='100' pos='[18.3611,0,0]' rotQuat='[0.00680193,0.0485633,0.00621711,0.998778]' />
			<frame n='200' pos='[18.3611,0,0]' rotQuat='[0.00270674,0.0868676,0.0172817,0.996066]' />
		</bone>
		<bone id='18' name='Bip01 R Toe0' keyFramesCount='3'>
			<frame n='0' pos='[9.8946,0,19.8342]' rotQuat='[0.0,-0.707107,0.0,0.707107]' />
			<frame n='100' pos='[9.8946,0,19.8342]' rotQuat='[0.0,-0.707107,0.0,0.707107]' />
			<frame n='200' pos='[9.8946,0,19.8342]' rotQuat='[0.0,-0.707279,0.0,0.706934]' />
		</bone>
		<bone id='19' name='Bip01 L Thigh' keyFramesCount='3'>
			<frame n='0' pos='[-8.63307,5.78609,2.97728]' rotQuat='[-0.100704,-0.275575,-0.934635,-0.200935]' />
			<frame n='100' pos='[-8.63462,6.42014,1.03227]' rotQuat='[0.0406022,-0.438821,-0.880884,-0.172715]' />
			<frame n='200' pos='[-8.63307,5.78609,2.97728]' rotQuat='[-0.100704,-0.275575,-0.934635,-0.200935]' />
		</bone>
		<bone id='20' name='Bip01 L Calf' keyFramesCount='3'>
			<frame n='0' pos='[20.1808,0,0]' rotQuat='[0.0,0.474415,0.0,0.880302]' />
			<frame n='100' pos='[20.1808,0,0]' rotQuat='[0.0,0.235223,0.0,0.971941]' />
			<frame n='200' pos='[20.1808,0,0]' rotQuat='[0.0,0.474415,0.0,0.880301]' />
		</bone>
		<bone id='21' name='Bip01 L Foot' keyFramesCount='3'>
			<frame n='0' pos='[18.3611,0,0]' rotQuat='[0.0223511,-0.310083,0.179129,0.933414]' />
			<frame n='100' pos='[18.3611,0,0]' rotQuat='[0.0,-0.184767,0.176104,0.966876]' />
			<frame n='200' pos='[18.3611,0,0]' rotQuat='[0.022351,-0.310083,0.179129,0.933414]' />
		</bone>
		<bone id='22' name='Bip01 L Toe0' keyFramesCount='3'>
			<frame n='0' pos='[9.8946,0,19.8342]' rotQuat='[0.0,-0.707107,0.0,0.707106]' />
			<frame n='100' pos='[9.8946,0,19.8342]' rotQuat='[0.0338974,-0.706408,-0.0338631,0.706181]' />
			<frame n='200' pos='[9.8946,0,19.8342]' rotQuat='[0.0,-0.707107,0.0,0.707106]' />
		</bone>
	</animation>
</tgcSkeletalAnim>
