<tgcSkeletalAnim>
	<animation name='PasoDerecho' bonesCount='23' framesCount='19' frameRate='30' startFrame='0' endFrame='18'>
		<boundingBox min='[-53.6023,0.0458908,-31.8237]' max='[71.194,141.25,29.573]'/>
		<bone id='0' name='Bip01 Pelvis' keyFramesCount='1'>
			<frame n='0' pos='[0.077358,45.5757,0.593629]' rotQuat='[-0.707106,-0.707107,0.0,0.0]' />
		</bone>
		<bone id='1' name='Bip01 Spine' keyFramesCount='3'>
			<frame n='0' pos='[8.63544,0,-0.00834548]' rotQuat='[0.0,-0.000398159,0.0,1.0]' />
			<frame n='8' pos='[8.63551,-0.00105014,-0.00827682]' rotQuat='[-0.0636369,0.00493085,0.145683,0.98727]' />
			<frame n='18' pos='[8.63544,0,-0.00834548]' rotQuat='[0.0,-0.000398159,0.0,1.0]' />
		</bone>
		<bone id='2' name='Bip01 Spine1' keyFramesCount='3'>
			<frame n='0' pos='[10.4837,0,-0.00834793]' rotQuat='[0.0,0.0,0.0,1.0]' />
			<frame n='8' pos='[10.4837,0,-0.00834787]' rotQuat='[0.0,0.0,0.0197614,0.999805]' />
			<frame n='18' pos='[10.4837,0,-0.00834793]' rotQuat='[0.0,0.0,0.0,1.0]' />
		</bone>
		<bone id='3' name='Bip01 Spine2' keyFramesCount='3'>
			<frame n='0' pos='[10.4837,0,-0.00754267]' rotQuat='[0.0,0.0,0.0,1.0]' />
			<frame n='8' pos='[10.4837,0,-0.00754261]' rotQuat='[0.0,0.0,0.0,1.0]' />
			<frame n='18' pos='[10.4837,0,-0.00754267]' rotQuat='[0.0,0.0,0.0,1.0]' />
		</bone>
		<bone id='4' name='Bip01 Neck' keyFramesCount='3'>
			<frame n='0' pos='[14.6497,0,-0.00826848]' rotQuat='[0.0,0.0,0.0,1.0]' />
			<frame n='8' pos='[14.6497,0,-0.00826848]' rotQuat='[0.0,0.0,0.0,1.0]' />
			<frame n='18' pos='[14.6497,0,-0.00826848]' rotQuat='[0.0,0.0,0.0,1.0]' />
		</bone>
		<bone id='5' name='Bip01 Head' keyFramesCount='3'>
			<frame n='0' pos='[5.20669,0,0]' rotQuat='[0.0,0.000398831,0.0,1.0]' />
			<frame n='8' pos='[5.2067,0,0]' rotQuat='[-0.515647,-0.0221935,-0.118568,0.848267]' />
			<frame n='18' pos='[5.20669,0,0]' rotQuat='[0.0,0.000398831,0.0,1.0]' />
		</bone>
		<bone id='6' name='Bip01 R Clavicle' keyFramesCount='4'>
			<frame n='0' pos='[-5.17724,-6.7402,0.00828314]' rotQuat='[-0.798218,0.602369,0.000316978,-0.00024095]' />
			<frame n='8' pos='[-5.17724,-6.7402,0.00828314]' rotQuat='[-0.798218,0.602369,0.000316981,-0.000240946]' />
			<frame n='13' pos='[-5.17723,-6.7402,0.00828308]' rotQuat='[-0.798218,0.602369,0.000316977,-0.000240953]' />
			<frame n='18' pos='[-5.17724,-6.7402,0.00828314]' rotQuat='[-0.798218,0.602369,0.000316978,-0.00024095]' />
		</bone>
		<bone id='7' name='Bip01 R UpperArm' keyFramesCount='4'>
			<frame n='0' pos='[6.93448,0,0]' rotQuat='[0.0135593,-0.0491123,0.73235,0.679019]' />
			<frame n='8' pos='[6.93448,0,0]' rotQuat='[0.171456,-0.369461,0.634151,0.657232]' />
			<frame n='13' pos='[6.93448,0,0]' rotQuat='[0.0771559,-0.131125,0.270608,0.950592]' />
			<frame n='18' pos='[6.93448,0,0]' rotQuat='[0.0135593,-0.0491123,0.73235,0.679019]' />
		</bone>
		<bone id='8' name='Bip01 R Forearm' keyFramesCount='4'>
			<frame n='0' pos='[14.9946,0,0]' rotQuat='[0.0,0.519027,0.0,0.854758]' />
			<frame n='8' pos='[14.9946,0,0]' rotQuat='[0.0,0.196746,0.0,0.980455]' />
			<frame n='13' pos='[14.9946,0,0]' rotQuat='[0.0,0.417561,0.0,0.908649]' />
			<frame n='18' pos='[14.9946,0,0]' rotQuat='[0.0,0.519027,0.0,0.854758]' />
		</bone>
		<bone id='9' name='Bip01 R Hand' keyFramesCount='4'>
			<frame n='0' pos='[17.1349,0,0]' rotQuat='[-0.706823,-0.00179198,0.00179341,0.707386]' />
			<frame n='8' pos='[17.1349,0,0]' rotQuat='[-0.706823,-0.00179199,0.00179341,0.707386]' />
			<frame n='13' pos='[17.1349,0,0]' rotQuat='[-0.706823,-0.00179198,0.0017934,0.707386]' />
			<frame n='18' pos='[17.1349,0,0]' rotQuat='[-0.706823,-0.00179198,0.00179341,0.707386]' />
		</bone>
		<bone id='10' name='Bip01 R Finger0' keyFramesCount='4'>
			<frame n='0' pos='[16.9962,0,0]' rotQuat='[-0.000398137,0.0,0.0,1.0]' />
			<frame n='8' pos='[16.9962,0,0]' rotQuat='[-0.000398135,0.0,0.0,1.0]' />
			<frame n='13' pos='[16.9962,0,0]' rotQuat='[-0.00039814,0.0,0.0,1.0]' />
			<frame n='18' pos='[16.9962,0,0]' rotQuat='[-0.000398137,0.0,0.0,1.0]' />
		</bone>
		<bone id='11' name='Bip01 L Clavicle' keyFramesCount='4'>
			<frame n='0' pos='[-5.17724,6.7402,0.00824577]' rotQuat='[-0.798218,-0.602369,0.000318649,0.000238736]' />
			<frame n='8' pos='[-5.17724,6.7402,0.00824606]' rotQuat='[-0.798218,-0.602369,0.000318643,0.000238741]' />
			<frame n='13' pos='[-5.17724,6.7402,0.00824577]' rotQuat='[-0.798218,-0.602369,0.00031865,0.000238735]' />
			<frame n='18' pos='[-5.17724,6.7402,0.00824577]' rotQuat='[-0.798218,-0.602369,0.000318649,0.000238736]' />
		</bone>
		<bone id='12' name='Bip01 L UpperArm' keyFramesCount='4'>
			<frame n='0' pos='[6.93448,0,0]' rotQuat='[0.0274719,-0.0970601,-0.746858,0.657288]' />
			<frame n='8' pos='[6.93448,0,0]' rotQuat='[-0.0418226,-0.0436369,-0.00259378,0.998168]' />
			<frame n='13' pos='[6.93448,0,0]' rotQuat='[-0.108565,-0.314854,-0.427845,0.840256]' />
			<frame n='18' pos='[6.93448,0,0]' rotQuat='[0.0274719,-0.0970601,-0.746858,0.657288]' />
		</bone>
		<bone id='13' name='Bip01 L Forearm' keyFramesCount='4'>
			<frame n='0' pos='[14.9946,0,0]' rotQuat='[0.0,0.546263,0.0,0.837614]' />
			<frame n='8' pos='[14.9946,0,0]' rotQuat='[0.0,0.417561,0.0,0.908649]' />
			<frame n='13' pos='[14.9946,0,0]' rotQuat='[0.0,0.196745,0.0,0.980455]' />
			<frame n='18' pos='[14.9946,0,0]' rotQuat='[0.0,0.546263,0.0,0.837614]' />
		</bone>
		<bone id='14' name='Bip01 L Hand' keyFramesCount='4'>
			<frame n='0' pos='[17.1349,0,0]' rotQuat='[0.706823,-0.00179197,-0.00179341,0.707386]' />
			<frame n='8' pos='[17.1349,0,0]' rotQuat='[0.706823,-0.00179196,-0.00179342,0.707386]' />
			<frame n='13' pos='[17.1349,0,0]' rotQuat='[0.706823,-0.00179199,-0.00179341,0.707386]' />
			<frame n='18' pos='[17.1349,0,0]' rotQuat='[0.706823,-0.00179197,-0.00179341,0.707386]' />
		</bone>
		<bone id='15' name='Bip01 R Thigh' keyFramesCount='4'>
			<frame n='0' pos='[-8.63543,-6.5002,0.015242]' rotQuat='[-0.171526,-0.00989467,-0.983115,0.0629776]' />
			<frame n='8' pos='[-10.1342,-3.68219,-0.741737]' rotQuat='[0.0227789,0.0606703,-0.993002,0.0987284]' />
			<frame n='13' pos='[-9.6707,-4.80039,-0.498623]' rotQuat='[-0.302217,0.351666,-0.812459,0.353421]' />
			<frame n='18' pos='[-8.63543,-6.5002,0.015242]' rotQuat='[-0.171526,-0.00989465,-0.983115,0.0629774]' />
		</bone>
		<bone id='16' name='Bip01 R Calf' keyFramesCount='4'>
			<frame n='0' pos='[20.1808,0,0]' rotQuat='[0.0,0.361012,0.0,0.932561]' />
			<frame n='8' pos='[20.1808,0,0]' rotQuat='[0.0,0.000945568,0.0,1.0]' />
			<frame n='13' pos='[20.1808,0,0]' rotQuat='[0.0,0.790348,0.0,0.612658]' />
			<frame n='18' pos='[20.1808,0,0]' rotQuat='[0.0,0.361012,0.0,0.932561]' />
		</bone>
		<bone id='17' name='Bip01 R Foot' keyFramesCount='4'>
			<frame n='0' pos='[18.3611,0,0]' rotQuat='[0.0134849,-0.195348,-0.0623076,0.97866]' />
			<frame n='8' pos='[18.3611,0,0]' rotQuat='[0.000741017,-0.00338812,-0.243284,0.969949]' />
			<frame n='13' pos='[18.3611,0,0]' rotQuat='[-0.0535268,-0.313719,-0.264669,0.910311]' />
			<frame n='18' pos='[18.3611,0,0]' rotQuat='[0.0134846,-0.195348,-0.0623074,0.97866]' />
		</bone>
		<bone id='18' name='Bip01 R Toe0' keyFramesCount='4'>
			<frame n='0' pos='[9.8946,0,19.8342]' rotQuat='[0.0,-0.707107,0.0,0.707107]' />
			<frame n='8' pos='[9.8946,0,19.8342]' rotQuat='[0.0,-0.707107,0.0,0.707107]' />
			<frame n='13' pos='[9.8946,0,19.8342]' rotQuat='[0.0,-0.707107,0.0,0.707107]' />
			<frame n='18' pos='[9.8946,0,19.8342]' rotQuat='[0.0,-0.707107,0.0,0.707107]' />
		</bone>
		<bone id='19' name='Bip01 L Thigh' keyFramesCount='4'>
			<frame n='0' pos='[-8.63543,6.5002,0.0152059]' rotQuat='[-0.167223,0.0117286,-0.982995,-0.0749704]' />
			<frame n='8' pos='[-6.40273,8.66109,0.910507]' rotQuat='[-0.530579,-0.280509,-0.642067,-0.477023]' />
			<frame n='13' pos='[-7.31201,7.94199,0.54001]' rotQuat='[-0.124367,0.0724544,-0.95485,-0.259892]' />
			<frame n='18' pos='[-8.63543,6.5002,0.0152059]' rotQuat='[-0.167223,0.0117286,-0.982995,-0.0749704]' />
		</bone>
		<bone id='20' name='Bip01 L Calf' keyFramesCount='4'>
			<frame n='0' pos='[20.1808,0,0]' rotQuat='[0.0,0.352622,0.0,0.935766]' />
			<frame n='8' pos='[20.1808,0,0]' rotQuat='[0.0,0.688509,0.0,0.725228]' />
			<frame n='13' pos='[20.1808,0,0]' rotQuat='[0.0,0.266255,0.0,0.963903]' />
			<frame n='18' pos='[20.1808,0,0]' rotQuat='[0.0,0.352622,0.0,0.935766]' />
		</bone>
		<bone id='21' name='Bip01 L Foot' keyFramesCount='4'>
			<frame n='0' pos='[18.3611,0,0]' rotQuat='[-0.01543,-0.190533,0.074297,0.978744]' />
			<frame n='8' pos='[18.3611,0,0]' rotQuat='[0.0305806,-0.0974483,0.102779,0.989447]' />
			<frame n='13' pos='[18.3611,0,0]' rotQuat='[-0.0259118,-0.141584,0.17606,0.973799]' />
			<frame n='18' pos='[18.3611,0,0]' rotQuat='[-0.01543,-0.190533,0.074297,0.978744]' />
		</bone>
		<bone id='22' name='Bip01 L Toe0' keyFramesCount='4'>
			<frame n='0' pos='[9.8946,0,19.8342]' rotQuat='[0.0,-0.707107,0.0,0.707107]' />
			<frame n='8' pos='[9.8946,0,19.8342]' rotQuat='[0.0,-0.707107,0.0,0.707107]' />
			<frame n='13' pos='[9.8946,0,19.8342]' rotQuat='[0.0,-0.707107,0.0,0.707107]' />
			<frame n='18' pos='[9.8946,0,19.8342]' rotQuat='[0.0,-0.707107,0.0,0.707107]' />
		</bone>
	</animation>
</tgcSkeletalAnim>
