<tgcSkeletalAnim>
	<animation name='PasoIzquierdo' bonesCount='23' framesCount='19' frameRate='30' startFrame='0' endFrame='18'>
		<boundingBox min='[-67.3293,0.0458908,-31.8237]' max='[57.8308,139.909,28.0282]'/>
		<bone id='0' name='Bip01 Pelvis' keyFramesCount='1'>
			<frame n='0' pos='[0.077358,45.5757,0.593629]' rotQuat='[-0.707106,-0.707107,0.0,0.0]' />
		</bone>
		<bone id='1' name='Bip01 Spine' keyFramesCount='3'>
			<frame n='0' pos='[8.63544,0,-0.00834548]' rotQuat='[0.0,-0.000398159,0.0,1.0]' />
			<frame n='8' pos='[8.63544,0,-0.00834513]' rotQuat='[0.0,-0.000396955,-0.0794668,0.996837]' />
			<frame n='18' pos='[8.63544,0,-0.00834548]' rotQuat='[0.0,-0.000398159,0.0,1.0]' />
		</bone>
		<bone id='2' name='Bip01 Spine1' keyFramesCount='3'>
			<frame n='0' pos='[10.4837,0,-0.00834793]' rotQuat='[0.0,0.0,0.0,1.0]' />
			<frame n='8' pos='[10.4837,0,-0.00834787]' rotQuat='[0.0,0.0,0.0197614,0.999805]' />
			<frame n='18' pos='[10.4837,0,-0.00834793]' rotQuat='[0.0,0.0,0.0,1.0]' />
		</bone>
		<bone id='3' name='Bip01 Spine2' keyFramesCount='3'>
			<frame n='0' pos='[10.4837,0,-0.00754267]' rotQuat='[0.0,0.0,0.0,1.0]' />
			<frame n='8' pos='[10.4837,0,-0.00754267]' rotQuat='[0.0,0.0,0.0,1.0]' />
			<frame n='18' pos='[10.4837,0,-0.00754267]' rotQuat='[0.0,0.0,0.0,1.0]' />
		</bone>
		<bone id='4' name='Bip01 Neck' keyFramesCount='3'>
			<frame n='0' pos='[14.6497,0,-0.00826848]' rotQuat='[0.0,0.0,0.0,1.0]' />
			<frame n='8' pos='[14.6497,0,-0.00826854]' rotQuat='[0.0,0.0,0.0,1.0]' />
			<frame n='18' pos='[14.6497,0,-0.00826848]' rotQuat='[0.0,0.0,0.0,1.0]' />
		</bone>
		<bone id='5' name='Bip01 Head' keyFramesCount='3'>
			<frame n='0' pos='[5.20669,0,0]' rotQuat='[0.0,0.000398831,0.0,1.0]' />
			<frame n='8' pos='[5.20669,0,0]' rotQuat='[0.46388,-0.076415,-0.00175952,0.882594]' />
			<frame n='18' pos='[5.20669,0,0]' rotQuat='[0.0,0.000398831,0.0,1.0]' />
		</bone>
		<bone id='6' name='Bip01 R Clavicle' keyFramesCount='4'>
			<frame n='0' pos='[-5.17724,-6.7402,0.00828314]' rotQuat='[-0.798218,0.602369,0.000316978,-0.00024095]' />
			<frame n='8' pos='[-5.17723,-6.7402,0.0082832]' rotQuat='[-0.798218,0.602369,0.000316978,-0.00024095]' />
			<frame n='13' pos='[-5.17723,-6.7402,0.0082832]' rotQuat='[-0.798218,0.602369,0.000316978,-0.00024095]' />
			<frame n='18' pos='[-5.17724,-6.7402,0.00828314]' rotQuat='[-0.798218,0.602369,0.000316978,-0.00024095]' />
		</bone>
		<bone id='7' name='Bip01 R UpperArm' keyFramesCount='4'>
			<frame n='0' pos='[6.93448,0,0]' rotQuat='[0.0135593,-0.0491123,0.73235,0.679019]' />
			<frame n='8' pos='[6.93448,0,0]' rotQuat='[0.0532796,-0.102267,0.110749,0.987136]' />
			<frame n='13' pos='[6.93448,0,0]' rotQuat='[0.0310094,-0.0959885,0.184054,0.977726]' />
			<frame n='18' pos='[6.93448,0,0]' rotQuat='[0.0135593,-0.0491123,0.73235,0.679019]' />
		</bone>
		<bone id='8' name='Bip01 R Forearm' keyFramesCount='4'>
			<frame n='0' pos='[14.9946,0,0]' rotQuat='[0.0,0.519027,0.0,0.854758]' />
			<frame n='8' pos='[14.9946,0,0]' rotQuat='[0.0,0.417561,0.0,0.908649]' />
			<frame n='13' pos='[14.9946,0,0]' rotQuat='[0.0,0.196746,0.0,0.980455]' />
			<frame n='18' pos='[14.9946,0,0]' rotQuat='[0.0,0.519027,0.0,0.854758]' />
		</bone>
		<bone id='9' name='Bip01 R Hand' keyFramesCount='4'>
			<frame n='0' pos='[17.1349,0,0]' rotQuat='[-0.706823,-0.00179198,0.00179341,0.707386]' />
			<frame n='8' pos='[17.1349,0,0]' rotQuat='[-0.706823,-0.00179198,0.0017934,0.707386]' />
			<frame n='13' pos='[17.1349,0,0]' rotQuat='[-0.706823,-0.00179198,0.00179341,0.707386]' />
			<frame n='18' pos='[17.1349,0,0]' rotQuat='[-0.706823,-0.00179198,0.00179341,0.707386]' />
		</bone>
		<bone id='10' name='Bip01 R Finger0' keyFramesCount='4'>
			<frame n='0' pos='[16.9962,0,0]' rotQuat='[-0.000398137,0.0,0.0,1.0]' />
			<frame n='8' pos='[16.9962,0,0]' rotQuat='[-0.00039814,0.0,0.0,1.0]' />
			<frame n='13' pos='[16.9962,0,0]' rotQuat='[-0.000398138,0.0,0.0,1.0]' />
			<frame n='18' pos='[16.9962,0,0]' rotQuat='[-0.000398137,0.0,0.0,1.0]' />
		</bone>
		<bone id='11' name='Bip01 L Clavicle' keyFramesCount='4'>
			<frame n='0' pos='[-5.17724,6.7402,0.00824577]' rotQuat='[-0.798218,-0.602369,0.000318649,0.000238736]' />
			<frame n='8' pos='[-5.17725,6.7402,0.00824589]' rotQuat='[-0.798218,-0.602369,0.000318649,0.000238736]' />
			<frame n='13' pos='[-5.17724,6.7402,0.00824577]' rotQuat='[-0.798218,-0.602369,0.000318649,0.000238736]' />
			<frame n='18' pos='[-5.17724,6.7402,0.00824577]' rotQuat='[-0.798218,-0.602369,0.000318649,0.000238736]' />
		</bone>
		<bone id='12' name='Bip01 L UpperArm' keyFramesCount='4'>
			<frame n='0' pos='[6.93448,0,0]' rotQuat='[0.0274719,-0.0970601,-0.746858,0.657288]' />
			<frame n='8' pos='[6.93448,0,0]' rotQuat='[-0.149697,-0.329511,-0.559747,0.745451]' />
			<frame n='13' pos='[6.93448,0,0]' rotQuat='[-0.0581852,-0.0995573,-0.252903,0.960595]' />
			<frame n='18' pos='[6.93448,0,0]' rotQuat='[0.0274719,-0.0970601,-0.746858,0.657288]' />
		</bone>
		<bone id='13' name='Bip01 L Forearm' keyFramesCount='4'>
			<frame n='0' pos='[14.9946,0,0]' rotQuat='[0.0,0.546263,0.0,0.837614]' />
			<frame n='8' pos='[14.9946,0,0]' rotQuat='[0.0,0.196746,0.0,0.980455]' />
			<frame n='13' pos='[14.9946,0,0]' rotQuat='[0.0,0.440398,0.0,0.897803]' />
			<frame n='18' pos='[14.9946,0,0]' rotQuat='[0.0,0.546263,0.0,0.837614]' />
		</bone>
		<bone id='14' name='Bip01 L Hand' keyFramesCount='4'>
			<frame n='0' pos='[17.1349,0,0]' rotQuat='[0.706823,-0.00179197,-0.00179341,0.707386]' />
			<frame n='8' pos='[17.1349,0,0]' rotQuat='[0.706823,-0.00179199,-0.00179339,0.707386]' />
			<frame n='13' pos='[17.1349,0,0]' rotQuat='[0.706823,-0.00179198,-0.0017934,0.707386]' />
			<frame n='18' pos='[17.1349,0,0]' rotQuat='[0.706823,-0.00179197,-0.00179341,0.707386]' />
		</bone>
		<bone id='15' name='Bip01 R Thigh' keyFramesCount='4'>
			<frame n='0' pos='[-8.63543,-6.5002,0.015242]' rotQuat='[-0.171526,-0.00989468,-0.983115,0.0629776]' />
			<frame n='8' pos='[-7.49652,-7.78624,0.0143389]' rotQuat='[-0.371615,0.262478,-0.753842,0.474056]' />
			<frame n='13' pos='[-7.94746,-7.32538,0.0146967]' rotQuat='[-0.121951,-0.0278886,-0.966313,0.224921]' />
			<frame n='18' pos='[-8.63543,-6.5002,0.015242]' rotQuat='[-0.171526,-0.00989465,-0.983115,0.0629774]' />
		</bone>
		<bone id='16' name='Bip01 R Calf' keyFramesCount='4'>
			<frame n='0' pos='[20.1808,0,0]' rotQuat='[0.0,0.361012,0.0,0.932561]' />
			<frame n='8' pos='[20.1808,0,0]' rotQuat='[0.0,0.790348,0.0,0.612658]' />
			<frame n='13' pos='[20.1808,0,0]' rotQuat='[0.0,0.266255,0.0,0.963903]' />
			<frame n='18' pos='[20.1808,0,0]' rotQuat='[0.0,0.361012,0.0,0.932561]' />
		</bone>
		<bone id='17' name='Bip01 R Foot' keyFramesCount='4'>
			<frame n='0' pos='[18.3611,0,0]' rotQuat='[0.0134849,-0.195348,-0.0623076,0.97866]' />
			<frame n='8' pos='[18.3611,0,0]' rotQuat='[-0.0535267,-0.313719,-0.264669,0.910311]' />
			<frame n='13' pos='[18.3611,0,0]' rotQuat='[0.0259118,-0.141584,-0.17606,0.973799]' />
			<frame n='18' pos='[18.3611,0,0]' rotQuat='[0.0134846,-0.195348,-0.0623074,0.97866]' />
		</bone>
		<bone id='18' name='Bip01 R Toe0' keyFramesCount='4'>
			<frame n='0' pos='[9.8946,0,19.8342]' rotQuat='[0.0,-0.707107,0.0,0.707107]' />
			<frame n='8' pos='[9.8946,0,19.8342]' rotQuat='[0.0,-0.707107,0.0,0.707107]' />
			<frame n='13' pos='[9.8946,0,19.8342]' rotQuat='[0.0,-0.707107,0.0,0.707107]' />
			<frame n='18' pos='[9.8946,0,19.8342]' rotQuat='[0.0,-0.707107,0.0,0.707107]' />
		</bone>
		<bone id='19' name='Bip01 L Thigh' keyFramesCount='4'>
			<frame n='0' pos='[-8.63543,6.5002,0.0152059]' rotQuat='[-0.167223,0.0117286,-0.982995,-0.0749704]' />
			<frame n='8' pos='[-9.55621,5.04997,0.0159433]' rotQuat='[-0.124551,0.0120316,-0.987242,-0.0984629]' />
			<frame n='13' pos='[-9.23809,5.6108,0.0156884]' rotQuat='[-0.320495,-0.336099,-0.819615,-0.335487]' />
			<frame n='18' pos='[-8.63543,6.5002,0.0152059]' rotQuat='[-0.167223,0.0117286,-0.982995,-0.0749704]' />
		</bone>
		<bone id='20' name='Bip01 L Calf' keyFramesCount='4'>
			<frame n='0' pos='[20.1808,0,0]' rotQuat='[0.0,0.352622,0.0,0.935766]' />
			<frame n='8' pos='[20.1808,0,0]' rotQuat='[0.0,0.266255,0.0,0.963903]' />
			<frame n='13' pos='[20.1808,0,0]' rotQuat='[0.0,0.805995,0.0,0.591922]' />
			<frame n='18' pos='[20.1808,0,0]' rotQuat='[0.0,0.352622,0.0,0.935766]' />
		</bone>
		<bone id='21' name='Bip01 L Foot' keyFramesCount='4'>
			<frame n='0' pos='[18.3611,0,0]' rotQuat='[-0.01543,-0.190533,0.074297,0.978744]' />
			<frame n='8' pos='[18.3611,0,0]' rotQuat='[-0.0259118,-0.141584,0.17606,0.973799]' />
			<frame n='13' pos='[18.3611,0,0]' rotQuat='[0.0551016,-0.378532,0.240847,0.892003]' />
			<frame n='18' pos='[18.3611,0,0]' rotQuat='[-0.01543,-0.190533,0.074297,0.978744]' />
		</bone>
		<bone id='22' name='Bip01 L Toe0' keyFramesCount='4'>
			<frame n='0' pos='[9.8946,0,19.8342]' rotQuat='[0.0,-0.707107,0.0,0.707107]' />
			<frame n='8' pos='[9.8946,0,19.8342]' rotQuat='[0.0,-0.707107,0.0,0.707107]' />
			<frame n='13' pos='[9.8946,0,19.8342]' rotQuat='[0.0,-0.707107,0.0,0.707107]' />
			<frame n='18' pos='[9.8946,0,19.8342]' rotQuat='[0.0,-0.707107,0.0,0.707107]' />
		</bone>
	</animation>
</tgcSkeletalAnim>
